0,3442.8,7065.8,1858.8,1036.6,1843.1,5638.8,10710,10282,243.56,7283.6,1891.1,5783.4,9734.7,4706.1,4666,9357.9,11145,6529.2,7156.6,328.45,3175.5,8792.8,1590.6,1091.3,12333,12503,8272,1113.4,5778.6,10298,4705.9,8927,2008.2,7054.9,4039.9,8465.3,4034.4,5274.7,9372.1,12885,10953,5089,9760.7,3165.2,7110.7,1960,738.49,1884.4,4033.4,2152.6,5687.3,4656.7,4897.7,1572.1,5553.6,3839.1,4153,3256.6,5484.8,4658.3,4117.8,584.9,4891.7,1165.4,1921.3,2075.4,8457,2771.6,2079.3,5900.4,1442.1,9464.9,7562,2212.7,10689,7141.1,13432,1897.1,1150.1,11696,8638.8,6732.3,11064,2670.5,5419,4686.9,1065.8,1278.6,3536.7,5745.8,11365,7299.9,1248.7,3010.1,11121,14063,5385.7,2196.4,9784
3442.8,0,8092.2,1433.2,2793.5,3238.5,1740.3,7067,5627.2,4109.8,9936.4,2697.3,7429.5,5316.9,8295.2,7622.1,12012,15490,9294,10569,3726.3,3552.5,10085,1921.7,4794.5,12660,15298,13180,2396.5,7256.5,12636,1381,3754.9,4031.3,11770,766.37,9831.3,5854.1,8282.1,4284,14182,17498,1175.9,6358.7,4972.1,9382.7,3949.7,3371.1,4491.7,1057.8,2859.2,6648.2,2398.1,2020.2,3216.1,7428.3,676.32,845.99,6478.3,8242,965.12,6880.6,2581,8054.7,4844.3,1691.4,3297.2,5172.1,1751,4653.7,8967,2495.3,5264.4,8571,1598.8,15415,10215,12753,5306.4,4242.7,15409,12234,9849.9,14920,2005.8,10045,815.29,4378.5,3429.5,210.06,6561.1,15199,10209,4112.5,5299.6,7965.7,16556,8201.2,3956.6,7080
7065.8,8092.2,0,9880.5,7600.2,7876.4,10079,13741,13241,7673.8,1577.8,7096.2,1023.6,12248,1995,2606.8,1783.6,6843.3,1368.6,1177.5,8079.2,7089.2,886.46,7744.8,5939.5,7796.5,6542.7,3108.5,9107.4,2316.4,5024.2,11571,12226,6032.6,1228.3,12401,108.71,3015.2,1704.4,13363,7657.4,7561.6,8434.9,17212,3787.8,558.83,6357.5,6659.1,5546,7899.9,9565,2180.4,12484,11474,6483.5,2284,10441,11696,3881.8,2333.1,8802.7,3385.5,8723.1,1051.9,5558.4,8835,6466.4,14170,7736.4,4794,749.47,7670.4,12556,359.41,9212.9,8724.3,875.47,8704.2,5277.9,5248.4,7890.3,12979,817.45,7790.6,8294.8,461.42,10192,5007.4,6951,10693,2731.3,7501.2,1804.1,5138,3659.4,16318,13057,1459.6,6455.7,14107
1858.8,1433.2,9880.5,0,1523.8,1197.1,4042.8,9619.7,8307.1,2291.1,8528.3,2346.4,7493.7,6476.1,8223.2,8365.7,9300.7,13042,7052.2,6875.3,2039.9,3385.2,10216,352.11,2942.2,14751,15000,10394,1253.2,7455,11513,3187.4,6134,3632.4,8135.8,2306.4,8938,6768.9,9460.7,7149.3,14831,13680,3456,8235.2,6096.4,7491.9,2620.9,2084.7,3454.2,2617.1,964.55,7054.1,4990.4,3164.4,1992.6,7942.4,1956.6,2272.7,4444.8,6771.1,2393,5965.2,1543.3,9079.4,3209.3,522.24,2873.6,7592.8,326.95,4007.8,8487.2,1275.8,6910.5,8513.1,765.2,13309,9374.7,11861,4750.2,3405.9,12072,10130,9250.9,16300,1221.1,8506.1,2225.7,3923.1,2483,2047.8,7211.4,14042,10340,3266.6,4691.3,7453.6,20110,7735.5,3318.5,7853.6
1036.6,2793.5,7600.2,1523.8,0,1759.4,4207.4,8983.6,6518.1,1355.6,8112.8,851.95,6554.5,7244.5,6139.9,4915.4,8866.5,14255,6623.9,7339.7,793.03,2029.8,9350.4,1251,1552.5,10558,13578,9845.8,983.3,5498.9,12778,3819.4,6448.3,1566.3,7299,2708,8003.2,5007.3,5186.2,5670.7,11843,13167,3735.4,8027.1,3462.7,6668.8,1445.6,608.56,1976.3,2673.1,1356.4,5757.5,5421.7,5224,878.33,5781.5,2976.1,3340.6,3699.9,5563.4,3081.9,4572.9,690.46,7667.1,1502.8,1127.7,1132.2,5960,2138.6,2365.7,5877.5,1360.6,6305.5,8020.5,996.13,13865,7051,13617,2800.5,2049,14295,10011,6964,11636,1663.5,7365.3,4274.6,1845.5,1513.6,2288.4,4807.8,11336,6549,1545.8,3516.3,10391,17526,5453.3,1526.4,7690.7
1843.1,3238.5,7876.4,1197.1,1759.4,0,5259,10762,8121.6,1467,9628.8,3084.2,8944.1,8122,7087.6,7138.9,9705,13540,6062.5,8468.9,1253.9,3374.4,9197.5,1014.4,2939.6,10908,15408,8979.7,486.61,6590.8,9322.2,5115.3,8450.5,3754.5,8930.7,4128,8862.2,5908.4,8324.5,9187.9,13110,14405,5124.3,8322.4,4637.8,8460,3248.3,1660.7,3406.3,4070.5,439,6977.1,4542.5,4736.3,2857.1,7272.6,3693.4,3601.2,4476.1,7718.1,3384.6,5151.2,1075.7,7043.5,2932.7,1741.3,3157.3,8726.2,1432.3,3346.7,7954.7,357.32,7806,10229,2262.9,14496,7907.7,13637,3629,2960.7,12850,7550.3,7854.3,12350,3205.8,8985.6,4008.8,2529.1,670.95,3156.7,6059.8,14405,9784.7,2803.2,5345.9,10225,15451,6013.9,3478.1,9228.4
5638.8,1740.3,10079,4042.8,4207.4,5259,0,4790.1,4283.1,5260.1,9614.7,3575.8,7916.3,3177.5,8725.6,6424.6,12568,18632,10101,10410,5116.7,3747.6,10219,3449.2,5201.6,18362,16567,13916,4538.2,8944.3,13314,1634.5,3358.9,3963.7,11568,1444.5,10657,7153.1,8359.2,3213.7,15514,12982,667.32,5339.4,5820.6,8351,4573.2,4598,5261.7,871.87,5255.8,7887.1,1137.8,1282.6,3387,8328.5,1438.5,1493,6643.6,8576,991.85,6759,4021.4,8188.3,5760.7,3220,4421,3999.8,3121.9,6261.7,9604,4844.1,4175.3,10299,2787.9,18953,8677.9,17859,7465.9,4751.5,19132,11797,10406,13864,2456.9,10424,1320.3,5768.9,5105,1760.4,6553.7,13132,9511.8,6014.4,5249.3,5513.7,22049,7608.6,3768.9,5020.1
10710,7067,13741,9619.7,8983.6,10762,4790.1,0,2904.8,10787,15607,7383.7,12318,2386.1,13489,10689,16059,21230,9818.1,14940,8537.6,8012.1,13588,9594.2,10537,17836,22513,12914,9942.8,13460,17673,5996.5,2762.2,9320.4,15568,5895.3,15884,12009,9485.9,1768.8,17701,19683,5085.5,2433.8,10091,14147,8147.2,9399.2,9288.8,6414.8,10359,9793.5,4438.3,5468.7,8838.8,13374,7295,6975.2,11631,11068,6131.2,11815,8770,12356,10513,6885.3,8371,1634.2,9437.6,10306,13236,11482,2852.8,14167,7890.6,21558,12717,18655,10695,10883,20044,19044,16302,22224,7603.6,13392,5973.5,12073,10862,5340.4,10608,20998,18082,11157,12511,786.73,26717,11463,7694.7,1702.3
10282,5627.2,13241,8307.1,6518.1,8121.6,4283.1,2904.8,0,8616.7,14840,7177,13463,2697.7,12130,11721,18050,17797,12351,14423,10069,8330.6,16267,6017.9,10213,24280,18626,19609,8025.3,11150,18846,3885,1695.5,8067.9,15636,4580,12599,14277,11420,1969.4,22372,21199,4289.9,739.16,8693.7,16005,8782.6,8976.6,9035,4795.4,7765.4,12257,3091.5,3298,8751.6,13296,5207.2,4903.8,9400.1,12678,5652.5,13325,7452,14478,8714.1,7101,7872.6,1964,5718.4,11716,16634,9401.1,349.1,13997,7767.3,19377,15924,22847,10612,11309,21709,16269,13662,24901,7816.1,14992,4404.3,10119,9303,5193,10936,21801,14531,9477,9471.2,3519.7,25276,15085,9286.6,945.33
243.56,4109.8,7673.8,2291.1,1355.6,1467,5260.1,10787,8616.7,0,8946,2250.2,5229.3,8397.3,5314,4986.2,8691.2,12844,6392,7673.1,437.91,3112.2,7751.1,1697.7,1457.8,12684,10734,7978.9,1069,5734.7,10714,5623,8058.3,2031.1,9313.7,4485.6,7023.5,4205.6,5689.3,9085.5,11063,11032,5000.4,8673.5,3665.2,6420.5,2260.1,940.02,1989.7,4194.6,1934.1,4223,6455.1,5831.6,1928.1,5697.2,5065.5,4260.8,3394.5,5090.2,3519.4,2859.2,748.37,6285.5,1138.8,1995.1,2074.9,8361.6,2688.1,2410.7,7617.7,1352.3,9445.5,7356.2,2211.1,9729.2,5563.2,13007,2427.5,1469.4,11447,8621.1,5397.3,14181,3007.1,7693.1,4061.5,1348.9,1032,3740.3,4370.6,14000,8321.9,1042.4,2826.2,8637.2,14156,5316.8,2354.8,9920.2
7283.6,9936.4,1577.8,8528.3,8112.8,9628.8,9614.7,15607,14840,8946,0,7681.8,1899.8,13935,2610.3,4360.2,2544.2,5183.9,3547.2,717.99,7044.3,5935.9,909.01,10734,6226.9,4896.6,5580.3,1981,7161.2,2944.2,3277.1,12908,16287,7194.4,1151.1,11047,1844.6,3613.5,3520.1,12516,5023.3,5759.2,10175,17549,4803.4,2072.8,7500.6,6948,7759,10860,9051.8,3374.4,10241,12163,8179.6,3475.1,10327,13201,4967.1,3138.2,9972.5,3694,7469.1,2367.5,7097.3,10026,7209.3,13989,9728.7,6456.2,2059.8,11220,16128,1367.1,8186.7,6575,1473.5,7087.6,5523.4,6255.2,6302,11127,1640,6289.6,10317,1481.3,12101,7577.9,9391.6,10456,4396.3,7067.2,618.2,6730.4,5156.1,11528,9626.1,2794.2,6172,15415
1891.1,2697.3,7096.2,2346.4,851.95,3084.2,3575.8,7383.7,7177,2250.2,7681.8,0,5630.7,6804.8,5525.6,4276.7,7806.5,12581,6108.1,6815.5,1599.6,1116.2,7163.2,2094.5,1920.5,13882,13753,9010.3,2062.3,4708.6,10835,4272,7668.5,910.7,8477.5,3706.9,6388,4046.8,5249.7,7214.7,11136,13476,3919.9,9409.8,3629.4,7594.9,648.82,1006.4,932.68,3522.2,2698.6,4725.9,4937.9,4105.9,137.66,5170.2,3115.1,3411.6,2797,5089,2945.5,3217,1726.3,5702.6,2519.7,1973.9,628.04,5865.6,2968.1,2860.7,5790.2,2415.9,8062.7,7710.5,1787.9,12996,5585.8,10455,2890.8,1982.6,11230,10952,5497.4,10898,1724.7,7000.4,4122.7,2286,2456.3,3081.1,4781.4,12727,8133.7,1523.1,3065.4,8428.4,15276,5157.8,754.79,7034.1
5783.4,7429.5,1023.6,7493.7,6554.5,8944.1,7916.3,12318,13463,5229.3,1899.8,5630.7,0,10757,595.13,2118.7,2997.4,8677.7,892.93,1709.2,6758,5849.3,1994,5983.7,5067,8060.1,8604.9,4045.1,7045.9,707.16,6513.1,11582,11609,5038.2,2673.9,9156.6,1140.9,1321.3,1133,11385,6324.9,7333.7,8612.1,12864,3176.5,1004.8,5828.3,5848,4397.4,8903.5,7664.8,829.52,9497.9,11416,5128,1127.8,10532,7848.9,3366.5,1025.7,9084.2,2052.2,6850.8,568.19,4584.8,7361.7,4746.7,11693,8004.6,4013.9,535.74,7421.6,14133,1294.3,7401.9,8507.9,890.76,7148.2,4105.9,4152.6,9599.4,9308.6,649.6,7042,7143.9,1081.1,8730.3,4642.1,6216.7,8257.9,2321.8,9381.9,2153.3,4641.2,2920.3,12242,14123,411.33,5172.8,13740
9734.7,5316.9,12248,6476.1,7244.5,8122,3177.5,2386.1,2697.7,8397.3,13935,6804.8,10757,0,12124,9147.1,13472,17129,13515,15311,9057,5675.6,14250,6372.4,9959.9,18708,19631,16137,7741.1,9723.8,18475,2777.2,828.53,7773.6,16535,3584.1,13294,9804.3,11113,1007.8,22087,18466,3352.9,3023.3,8288.4,13050,6174.5,7020.7,8999.5,3131.3,8103.4,11824,2194.4,2789.9,7551.7,9565,4742.3,5106.9,8617.3,10068,4410.6,12006,8288.7,12417,8536,5710.1,7428.2,577.97,6335.9,10192,12528,7813.2,2295,14153,6359,18606,13229,17370,11524,8118.7,16926,13697,12966,21288,4710.8,13958,3785.5,9213.7,8996.9,4699,8773.2,15553,15321,7319.1,9118.1,2421,23947,10355,8367.5,2379.2
4706.1,8295.2,1995,8223.2,6139.9,7087.6,8725.6,13489,12130,5314,2610.3,5525.6,595.13,12124,0,1713.5,2992.6,8973,654.23,2287,6312.8,4944,2636.5,6998.1,4987.1,8475.3,8895.1,5054.4,7909.8,579.45,6332.4,11069,9476.3,4230.4,3290.5,8764.6,2012.6,871.49,569.67,11384,8938.7,8866.3,9142.3,14769,2148.2,1600.2,4572.1,5443,4643,7952.6,8846.6,267.76,9376.9,9859.1,4971.7,413.31,7130.6,8783.1,2416,389.21,7719.7,2140.5,5693.9,765.33,5054.6,7001.7,4822.8,11482,6944.3,2622.5,1002.7,7750.7,13899,1914,7674.6,9746.6,1931.4,8845.8,3497.8,4237.4,7850.8,10966,1506.6,9159.5,7194.1,1951.4,7855.7,4635.1,7620.1,8135.8,1617.6,9577.9,3050.9,3672.2,2641.8,13874,10135,364.91,4744.9,12779
4666,7622.1,2606.8,8365.7,4915.4,7138.9,6424.6,10689,11721,4986.2,4360.2,4276.7,2118.7,9147.1,1713.5,0,3881.2,12107,1339.1,2933,5179.8,4297.3,2979.6,6965,3976.4,10418,12416,6533.8,6633.1,2040.2,7570.3,8816.1,10118,3188.6,4550.9,7857.5,2731.5,1741.1,969.33,11378,9840.2,8908.9,8399.6,11159,2170.2,2495,4158.5,4258.4,3083.5,7344.4,6631.7,1209.8,10165,8233.4,4289,1181.8,8701.4,9072.5,2119.3,1168.5,7947.5,2771.9,5032,1664.1,3718.8,6283,3075.8,12514,7009.4,3472.4,2247.9,7226.6,10401,3453.6,7223.7,11109,3104.3,10380,2996.9,4476.4,9050.8,10303,2768.4,9183.8,5936.2,2719.5,10121,3871.2,6423,8524.6,171.04,11670,4346.9,4208.3,1957.4,12057,13400,2043.8,3466.5,11651
9357.9,12012,1783.6,9300.7,8866.5,9705,12568,16059,18050,8691.2,2544.2,7806.5,2997.4,13472,2992.6,3881.2,0,7105.2,2887.3,2282.7,7965.8,6461.3,1961.3,10414,8314.6,7314.5,8797.3,4473,9513.3,4300.5,5820.3,13595,12096,7918.8,1271.4,11272,1529.3,4449.8,3293.6,14365,7611.5,8842.2,10626,15065,5331.2,1477.3,6587.9,9954.2,6010.4,12089,12534,3615.7,12070,14042,8688.9,3750.9,11877,13466,5762,3575.8,12069,4872.9,9471.4,2878.5,7648.5,8505.3,8089.8,14619,10573,5411.7,2393.3,11487,16354,2009.2,10653,7424.8,2750.2,6887.5,6301.4,7956.8,9164.3,14390,2102.3,9341.9,8155.2,1726.6,13869,7418.3,8663.6,11423,4228.4,8451.8,2972.7,8416.7,5431.3,15830,10009,3176,7081.6,15412
11145,15490,6843.3,13042,14255,13540,18632,21230,17797,12844,5183.9,12581,8677.7,17129,8973,12107,7105.2,0,8046.5,7557.6,12342,12893,6662.6,13849,13126,437.1,603.82,3643.1,12682,7663.7,2595.6,18508,18690,11591,6342.5,14815,8464,9323.6,9919,23183,252.32,188.21,19352,20800,9451.5,6774.1,10974,11132,10386,16963,13800,9554.3,15299,20292,12192,8753.1,16393,16176,7737.5,9355.5,14098,8359.7,12273,7628.1,12921,11552,13614,17723,13507,10829,8509,14563,21737,7625.9,15094,264.41,8597.7,332.32,9261.1,11416,444.66,15692,7732.1,571.08,14940,6657.9,14477,11108,10668,15280,10603,508.83,5965.1,9775.9,9763.9,22908,3761.5,8596.7,14672,20205
6529.2,9294,1368.6,7052.2,6623.9,6062.5,10101,9818.1,12351,6392,3547.2,6108.1,892.93,13515,654.23,1339.1,2887.3,8046.5,0,1777.5,5479.9,5651.3,1820.1,6983.7,4887.7,8762.1,7907.8,4623.5,5582.4,1111.5,7345.2,10411,12281,4724.1,2829.9,10964,1589.6,1483.1,427.67,10223,9874.5,8776.6,8932.4,12836,2401.8,982.17,5608.8,4480.1,4330.4,10450,6942.6,665.61,9965.9,10779,6088.7,884.61,8085,8859.2,2650.2,953.9,8307.2,2776.3,6950.9,364.02,4907,8252.2,4903.4,11298,9412.4,3755.2,597.95,8233.3,13129,1909.7,6134.1,8956.8,1590.7,10201,3991.1,5089.2,10165,10738,1342.4,7983.9,7455.9,1332.3,10412,5712.4,5680.4,7377.4,1790.7,7821,3332.8,4866,2602.4,12197,12300,753.33,4832.4,13230
7156.6,10569,1177.5,6875.3,7339.7,8468.9,10410,14940,14423,7673.1,717.99,6815.5,1709.2,15311,2287,2933,2282.7,7557.6,1777.5,0,8064.5,7313.3,672.43,9197.9,5106,6399.2,7448.6,2182.4,8109.4,1891.2,4696,12373,14373,5514,1668.6,8711,1085.4,2268.9,2146.8,11231,6983,6311.9,11095,13345,3493.8,1544.3,6228,7032.5,5536.3,9369.8,9873.2,2333.8,9729.4,11238,7862.5,2256.3,11317,11471,3948.4,2390.9,10451,3632.7,7854.3,1380.6,6341.9,7741,7622.5,10196,9654.9,4377.7,1216.6,9753.4,12354,686.62,8606.8,7826.7,555.95,6234.4,4456.8,4921.1,6142.6,11690,788.21,7853,8426.9,653.84,10420,5919.9,8365.2,10558,3565.9,6837,1225.1,6025.9,4046.5,13948,9865.3,1943.6,7268.2,14780
328.45,3726.3,8079.2,2039.9,793.03,1253.9,5116.7,8537.6,10069,437.91,7044.3,1599.6,6758,9057,6312.8,5179.8,7965.8,12342,5479.9,8064.5,0,2884.1,6922.4,1430,1290.8,10853,13225,7511.8,919.89,5322,12130,4305.8,7630,1886.9,9133.1,3880.5,7277.7,5104.1,6052.5,7426.2,12350,11748,4047.9,10492,3628.6,7677.4,1833.8,585.78,1750.2,3398.7,1592.4,5743.1,4957.6,4649.9,1438.2,5779.5,3649.9,4337.6,3402.2,5363.6,4064.1,3582.7,178.74,7057.1,1598.3,1597.5,1732.7,8290,2263.5,2386.2,6442.2,1141.4,7114.9,7850.5,1533.3,10360,8323.2,12706,3108.2,1702.3,12013,7790.7,6996.7,14170,2391.7,7100.8,3695,1392.5,948,3816.4,4687.4,13107,6082.1,1300.6,3252.2,9347.5,13580,6990.8,1836.3,8862.9
3175.5,3552.5,7089.2,3385.2,2029.8,3374.4,3747.6,8012.1,8330.6,3112.2,5935.9,1116.2,5849.3,5675.6,4944,4297.3,6461.3,12893,5651.3,7313.3,2884.1,0,6583.4,2676,3009.4,14050,11519,9297.2,2624,5162.8,13022,5801.3,6228,1413.9,6482.6,3857.3,6042.5,4798.7,4627.2,6621.8,13792,13340,4725.6,8208,3651.9,7140.1,749.73,2009.7,1277.5,3414.8,3599.5,4583,4671.7,5510,890.02,4634.2,4453.3,4395.3,3604.3,3813.7,3331.5,4297.3,2327.5,5361.8,2621.9,2846.1,1033.8,6605.3,3617.5,3919,6230.4,2933.9,7834.2,6984.3,3037.8,13186,6460.8,15629,3320.7,2826.1,12514,12138,6417.2,12982,2504,5787,3948.8,3194.6,3839.6,3463.9,3647.7,15419,6170.7,2284,3372.5,7324.5,16521,4330.3,757.93,9541.7
8792.8,10085,886.46,10216,9350.4,9197.5,10219,13588,16267,7751.1,909.01,7163.2,1994,14250,2636.5,2979.6,1961.3,6662.6,1820.1,672.43,6922.4,6583.4,0,10650,5962.3,7106.7,5711.2,2670.3,8589.3,3052.8,4792.1,13940,14163,5736,548.6,10333,800.06,3313.3,2842.8,14082,5658.9,6831.4,10258,13983,4565,1292.4,6683.4,7200.7,5983.8,12420,8404.6,2682.8,11302,11116,7037.1,2971.7,9499.1,11242,5225.9,2924.3,11180,4765.6,8624.4,1895.2,6548.7,9041,7290.6,14407,10341,4713,1268.9,9746.4,14095,570.62,9777.1,7290.5,1212.5,8274.6,5137.2,5330.6,7275.7,11002,1332,6462.9,9365.7,816.33,10124,7645.4,8624.2,9240.2,4129.1,7283.3,1349.8,6772.8,4608,14944,10654,1886.7,7059.7,14186
1590.6,1921.7,7744.8,352.11,1251,1014.4,3449.2,9594.2,6017.9,1697.7,10734,2094.5,5983.7,6372.4,6998.1,6965,10414,13849,6983.7,9197.9,1430,2676,10650,0,2916.7,12467,14455,10250,977.15,6555.9,11270,3422.9,7189.9,3192.4,10110,2897.2,7923.9,7549.7,7961.3,7298,13004,14209,3305.9,8140,4726.1,7638.3,2453.6,1962.9,2960,2751.3,739.54,6660,3918.3,4088.5,2251.5,8023.9,2451.9,3161.4,4593.8,7869.3,2653.1,5979.5,1155.7,7187.8,2298.8,319.91,2168.4,6666.9,598.26,4578.2,8348.1,1135.6,8201.4,9899,648.73,14877,8462.4,11543,3775.6,2812.8,14142,7945.9,7937.4,12757,1503.4,8971.8,2670.2,2930.3,2337.5,1490.4,6718.6,16152,10063,3078.9,5144.4,10385,15963,6311.5,3216,7677.9
1091.3,4794.5,5939.5,2942.2,1552.5,2939.6,5201.6,10537,10213,1457.8,6226.9,1920.5,5067,9959.9,4987.1,3976.4,8314.6,13126,4887.7,5106,1290.8,3009.4,5962.3,2916.7,0,12059,10639,7743.8,2800.8,3251.5,8148.4,6171.9,7889.1,1664.4,8094.3,4138.1,5699.6,3444.7,4203.2,9917,8584.2,11236,4997.4,10888,2078,5678.9,2510,1195.5,1485,5951.4,2862.1,3975.5,6251.5,5021.1,1994.1,3292.6,4554.2,5039.7,1811.9,4541.4,4630.6,2562.4,1690.3,4137,67.889,2981.8,2126.7,10224,3149.5,1210.9,5419.5,3049,11296,5990.8,2880.7,13397,6626.6,10744,1346.4,157.1,9695.6,7212.1,5273.5,8802.5,3796.4,5567.3,5286.3,178.92,2772.2,4615.2,3572.9,13287,5751,536.91,1692,10980,16168,4726.5,1789.8,9919.6
12333,12660,7796.5,14751,10558,10908,18362,17836,24280,12684,4896.6,13882,8060.1,18708,8475.3,10418,7314.5,437.1,8762.1,6399.2,10853,14050,7106.7,12467,12059,0,737.22,4108.2,13874,7009.2,2100.4,20268,16036,9621.9,7139.1,15312,6532.1,9279.4,9887,16453,364.32,241.33,14306,23342,9663,7242.1,12282,14499,13257,15143,13891,8033.4,13700,16985,13822,8524.3,14901,15420,10597,7494.1,13848,10095,14200,8555.7,13199,13410,10236,19099,15737,8492,7680.8,14963,19391,8115.1,12104,596.71,5413.1,561.05,9422.4,9118.6,719.46,13842,7288.7,820.36,15009,7080.6,13770,11157,13079,15494,10572,585.52,5241.9,13564,10405,17610,5042.2,8571.8,10589,20405
12503,15298,6542.7,15000,13578,15408,16567,22513,18626,10734,5580.3,13753,8604.9,19631,8895.1,12416,8797.3,603.82,7907.8,7448.6,13225,11519,5711.2,14455,10639,737.22,0,4002.9,10555,8901,2391.5,19436,20633,11487,6893.5,14730,8439.5,9701.9,10045,15804,349.46,495.6,19634,23978,10609,7800.1,15223,12619,12889,16332,13471,9891.1,17451,19587,13189,9022.2,13970,15045,9057.5,10193,14549,11321,12333,7986.9,10441,12110,12660,20329,14997,8886.7,9555.2,15045,17409,7261.1,14793,216.41,7517.7,190.81,9259.1,12804,34.832,14740,7646.3,53.136,12212,7539,18431,10573,11044,13299,9468.4,126.23,5974.7,13990,10828,22544,3858.7,7389.7,13152,23437
8272,13180,3108.5,10394,9845.8,8979.7,13916,12914,19609,7978.9,1981,9010.3,4045.1,16137,5054.4,6533.8,4473,3643.1,4623.5,2182.4,7511.8,9297.2,2670.3,10250,7743.8,4108.2,4002.9,0,7505.6,4553.5,2159.5,11436,13916,8595.1,3181.3,12766,3240.2,4405.6,5057.1,12961,4259.4,3629.8,12429,14328,5056.8,4152.7,8870.2,9603.1,8069.9,11205,9377.5,4700.5,13437,11182,10418,5062.6,13033,13473,6209.5,4497.3,13292,4810.6,8475.9,5069.7,6835.7,10104,6667.3,14421,10569,7313.9,4106.6,10207,16311,3157.6,10142,3928.3,3423.3,4523.7,5780.6,7563.1,5301.1,9817.3,3460,4813.4,9764.9,2992.6,12621,7129.8,8458.5,11241,6193.7,3635.4,1638.1,7494.6,5232.5,16596,7309.2,4045.5,9108.3,18676
1113.4,2396.5,9107.4,1253.2,983.3,486.61,4538.2,9942.8,8025.3,1069,7161.2,2062.3,7045.9,7741.1,7909.8,6633.1,9513.3,12682,5582.4,8109.4,919.89,2624,8589.3,977.15,2800.8,13874,10555,7505.6,0,6565.3,10885,3561.6,7941.7,2912.1,8631.7,3830,7431.8,5488.8,7568.4,8454.9,11298,11000,4137.8,8141.6,5019.2,9188.2,2958.7,1317,2472.8,3592,820.75,6072.4,6392.8,5092.7,1735.7,5906.9,3660.3,3347.3,3276.4,7020.4,3623.5,5482.3,587,6364.9,2575.5,1167.7,2319.9,8255.1,1316.9,3190.5,7453.9,346,9478.1,8785.2,1772.3,13996,7429.2,12807,3229.3,2597.3,13303,9135.8,7308.3,14506,2142,7529.4,3581.9,2537.8,1069.4,2462.2,5500.8,12283,7460.6,1975.3,3716.7,9710.3,16986,7012.5,2740.5,9147.2
5778.6,7256.5,2316.4,7455,5498.9,6590.8,8944.3,13460,11150,5734.7,2944.2,4708.6,707.16,9723.8,579.45,2040.2,4300.5,7663.7,1111.5,1891.2,5322,5162.8,3052.8,6555.9,3251.5,7009.2,8901,4553.5,6565.3,0,6486,9767.8,10313,3771.9,3965,7721.6,2310.5,584.51,1173.9,10549,8596.7,7202.2,8710.7,13486,1874.9,1819.2,4374.2,4499.8,3821.1,8482.9,8076.7,627.31,9169.1,9885.8,4665.3,630.64,8994.1,10456,2622.9,400.45,8134.4,1540.5,4418.7,1054.2,3805.4,6631.7,4452.5,10977,7275.4,3342.4,1371.2,7100.5,12042,2006.6,6825.1,9529.3,1501.4,9249.4,2634.2,3829.3,9653,11208,1231.8,8275.4,6299,1759.8,7857.3,3891.9,7162.3,7896.5,1897.7,7984.1,2513.9,4606.3,1815.8,13842,13936,414.63,4454.5,14887
10298,12636,5024.2,11513,12778,9322.2,13314,17673,18846,10714,3277.1,10835,6513.1,18475,6332.4,7570.3,5820.3,2595.6,7345.2,4696,12130,13022,4792.1,11270,8148.4,2100.4,2391.5,2159.5,10885,6486,0,13133,18101,8281,5298.6,13310,5787.3,7076.3,6899.8,17720,2568.2,2175.1,13948,21436,5855.2,6979.3,10455,10501,8222.3,11630,11190,6981.5,13558,13673,10210,7262.7,15857,14715,7900.9,6593.6,14378,6211.1,10828,7003.3,8963.3,13307,8781,16780,11817,8685.2,5517.7,9175.7,18341,5740.2,12195,2908.5,4571.2,2943.2,6251.8,10387,2983.7,13937,4609.6,2359.5,11672,4846.8,11749,8919,10266,15610,7641.5,2427.8,3785.2,7867.6,8176.9,21464,6855.8,5967,9490.7,18901
4705.9,1381,11571,3187.4,3819.4,5115.3,1634.5,5996.5,3885,5623,12908,4272,11582,2777.2,11069,8816.1,13595,18508,10411,12373,4305.8,5801.3,13940,3422.9,6171.9,20268,19436,11436,3561.6,9767.8,13133,0,3448.1,5969.2,13162,948.71,10466,8930.9,9004.4,3739.5,17630,19780,664.72,3752.7,9006.6,11290,5853.2,4234.5,5277.9,1715.7,4039.1,9197.2,1510.4,713.3,5429.1,9369.4,1131.2,888.15,6795.2,7981.2,1599.7,8000.1,4559.2,10885,6443.9,3266.5,4858.3,3645,2709.6,6759.8,11444,4866.5,3985.5,12713,2887,17195,12492,16164,8321.6,6577.7,15499,14895,10165,16675,3410.1,13332,645.68,6609.9,5160.5,1993,8450.4,19225,13367,4882.2,7904.2,6511.4,24028,10923,4822.5,4488.8
8927,3754.9,12226,6134,6448.3,8450.5,3358.9,2762.2,1695.5,8058.3,16287,7668.5,11609,828.53,9476.3,10118,12096,18690,12281,14373,7630,6228,14163,7189.9,7889.1,16036,20633,13916,7941.7,10313,18101,3448.1,0,6083.3,14623,3652.5,12163,10164,12134,704.88,23294,17354,3153.6,2244.1,7953.6,12446,6895.1,8685.7,5801.6,3403.1,8082.6,11634,1709.9,2518.4,6108.9,8779.3,3269.3,4034.1,8927.8,9421.7,4162.5,8471.6,6447.9,11578,7176,6456.4,6678.2,741.52,6018.6,8488,14280,6149.3,1902,12587,6122,17598,14283,17900,9731.5,9321,21542,14394,11017,21477,5368.2,11806,3366.4,9175.7,7915.7,4270.2,10623,20326,11655,7606.7,10294,2348.8,25101,11988,7444.1,2023.9
2008.2,4031.3,6032.6,3632.4,1566.3,3754.5,3963.7,9320.4,8067.9,2031.1,7194.4,910.7,5038.2,7773.6,4230.4,3188.6,7918.8,11591,4724.1,5514,1886.9,1413.9,5736,3192.4,1664.4,9621.9,11487,8595.1,2912.1,3771.9,8281,5969.2,6083.3,0,7245.6,5649.9,6435.3,3758.2,3916.2,7169.9,14415,11344,5469.5,9521.2,2307.4,4707.4,497.76,1429.4,221.19,4496.8,2824.2,4147.8,6547.6,5902.7,897.31,4279.4,4718.5,4912.2,2406.1,4476.1,4022.6,2924.7,2060.1,4556.6,2004.5,3009,474.92,8291.2,3517,2067.9,4868,2309.1,9191.4,6004.5,3502.2,13160,6042,12438,2079.1,1618.9,10952,9625.5,5317.5,12894,2674.5,6394.5,5198.2,1765.1,2976.4,3273.5,2634.3,10257,7343.9,1284.1,2351.1,11261,15272,4307.5,536.14,9552.9
7054.9,11770,1228.3,8135.8,7299,8930.7,11568,15568,15636,9313.7,1151.1,8477.5,2673.9,16535,3290.5,4550.9,1271.4,6342.5,2829.9,1668.6,9133.1,6482.6,548.6,10110,8094.3,7139.1,6893.5,3181.3,8631.7,3965,5298.6,13162,14623,7245.6,0,12772,1536.9,3952.1,3267.7,12790,6931,7540.9,12491,17074,5319.9,1557.8,7262.1,7698.8,7049.6,10625,10206,3301.4,13621,13399,6592.7,3591.4,9882.1,12237,6506.8,3129.5,10399,4912.8,9260.9,2047.8,8307.8,9808.1,8195.6,12601,11848,6041.1,2010.4,8620.3,15341,1252.8,9884.2,6120.3,2001.9,8215.8,6297.6,7406.1,7249.8,13309,1707,6945.2,9639.1,1611.7,12279,5802.1,10143,13519,3403.9,6979.3,2012.5,7390.5,4762.6,17399,9380.4,2840.2,7152.6,15764
4039.9,766.37,12401,2306.4,2708,4128,1444.5,5895.3,4580,4485.6,11047,3706.9,9156.6,3584.1,8764.6,7857.5,11272,14815,10964,8711,3880.5,3857.3,10333,2897.2,4138.1,15312,14730,12766,3830,7721.6,13310,948.71,3652.5,5649.9,12772,0,10952,9793.3,8260.4,4854.2,12671,14740,1095.3,5489.8,7530.8,10001,4396.5,4188,5333.9,923.58,3786.2,8780.8,2249.3,1623.8,3559.7,10148,151.23,354.02,7810,9798.6,1048,7721.2,4251.4,7635,4764.4,2363.8,4472.6,5388,2537,6323.1,9566.4,3146.5,5214.7,8788.2,2264.8,13217,10521,15321,7318.1,4441,16143,12233,9609.7,16374,2493.3,10287,341.05,4581.9,4383.6,667.09,8848.4,15912,9370.2,4737.7,5300,6322.7,20062,9313.6,4622.7,6155.6
8465.3,9831.3,108.71,8938,8003.2,8862.2,10657,15884,12599,7023.5,1844.6,6388,1140.9,13294,2012.6,2731.5,1529.3,8464,1589.6,1085.4,7277.7,6042.5,800.06,7923.9,5699.6,6532.1,8439.5,3240.2,7431.8,2310.5,5787.3,10466,12163,6435.3,1536.9,10952,0,2699.5,1835.5,12702,7011.6,6533.5,11213,12725,4360.8,516.93,4987.9,6232.7,6353.6,9638.4,9731.8,1614.5,12207,12193,7284.2,2081.2,12385,11389,5015.7,1872.2,9204,3496.9,7134,1280.5,6836.7,9065.6,5416.8,14416,10216,5545.2,626.23,8057.6,15437,383.13,10290,8061.7,714.25,7399.3,4665.2,6546.6,7814.2,12321,950.26,7497.8,7824.6,377.66,11201,7302.8,9355.4,8465.4,3478.9,7692.5,1939.9,6116.7,4709.7,11912,12793,1715.3,6775.7,13750
4034.4,5854.1,3015.2,6768.9,5007.3,5908.4,7153.1,12009,14277,4205.6,3613.5,4046.8,1321.3,9804.3,871.49,1741.1,4449.8,9323.6,1483.1,2268.9,5104.1,4798.7,3313.3,7549.7,3444.7,9279.4,9701.9,4405.6,5488.8,584.51,7076.3,8930.9,10164,3758.2,3952.1,9793.3,2699.5,0,1176.5,12296,7568.5,9067.1,8159.9,13775,1398.7,2370.1,4052.8,4744.4,3457.8,8722.3,6012,562.38,9416.4,9354.3,4435.9,618.86,8022.3,7977.7,1791.2,535.51,6826.9,1306,4264.7,1616.4,3697.7,6989.7,3532.4,11585,7107.7,2469,1491.2,5531.6,13017,2505.2,6112.8,8178.8,2008.7,8891.3,1805.8,3314.3,8606.4,12099,1593.6,8320.7,6240.5,2579.1,6984,3851.1,6294,6651.9,1770.4,8292.6,3070.4,3943.6,1840.4,12378,13381,982.53,3681.1,11837
5274.7,8282.1,1704.4,9460.7,5186.2,8324.5,8359.2,9485.9,11420,5689.3,3520.1,5249.7,1133,11113,569.67,969.33,3293.6,9919,427.67,2146.8,6052.5,4627.2,2842.8,7961.3,4203.2,9887,10045,5057.1,7568.4,1173.9,6899.8,9004.4,12134,3916.2,3267.7,8260.4,1835.5,1176.5,0,9621.7,9131.5,7955.1,7855.7,11420,2438.6,1201.9,4361.9,5406.7,4157.9,7112.9,8156.7,451.65,8374.6,9769.3,4582.2,579.54,8406.7,9369.6,2516.4,715.61,8575.8,2121.5,7372.8,606.47,4326.2,7783.1,4525,11688,7689.1,3337.7,1150.1,6049.9,12088,2329.2,6495,7680.1,1584.2,8755.2,2708.5,4830.9,7616.1,12182,1838,9940.5,6356.6,2089.1,10622,3812.7,7272.8,9287.8,1005.9,11182,3780.1,5183.7,2561,12993,14130,1138.8,4569.8,11292
9372.1,4284,13363,7149.3,5670.7,9187.9,3213.7,1768.8,1969.4,9085.5,12516,7214.7,11385,1007.8,11384,11378,14365,23183,10223,11231,7426.2,6621.8,14082,7298,9917,16453,15804,12961,8454.9,10549,17720,3739.5,704.88,7169.9,12790,4854.2,12702,12296,9621.7,0,15808,19851,3669.7,1881.5,9892.6,15234,7360.7,6503.9,6592.8,4347,8001.7,10401,3065.7,3070.5,8697.8,9047.8,4518.5,4352,8553.5,10921,4625.3,11954,9681.3,13156,9359.2,6604.1,6566.2,217.27,6907.5,7576.1,14435,8196.1,1484.9,13556,5747,20400,11283,20852,10083,8196.8,19563,18791,13275,18773,6581.1,11936,4429.2,10266,7984.7,4573.2,9568.5,18634,17476,9221.5,9328.3,1678.9,22715,12730,6817.5,1452.6
12885,14182,7657.4,14831,11843,13110,15514,17701,22372,11063,5023.3,11136,6324.9,22087,8938.7,9840.2,7611.5,252.32,9874.5,6983,12350,13792,5658.9,13004,8584.2,364.32,349.46,4259.4,11298,8596.7,2568.2,17630,23294,14415,6931,12671,7011.6,7568.5,9131.5,15808,0,185.66,17109,21257,10314,8302.4,10769,12235,11055,14735,13168,8304.2,17396,18729,11216,9027.7,14400,20021,9307,7965.2,17817,9073,12038,10056,12064,13544,11730,17015,14033,9654.7,7221.5,11095,21138,6206.3,14977,90.807,7881.1,170.2,8169.8,12103,354.3,13974,7695,451,13026,7491.8,19396,11329,13423,15904,9975.5,277.8,5089.4,12025,9830.7,17489,3563.7,6991,12435,21713
10953,17498,7561.6,13680,13167,14405,12982,19683,21199,11032,5759.2,13476,7333.7,18466,8866.3,8908.9,8842.2,188.21,8776.6,6311.9,11748,13340,6831.4,14209,11236,241.33,495.6,3629.8,11000,7202.2,2175.1,19780,17354,11344,7540.9,14740,6533.5,9067.1,7955.1,19851,185.66,0,18129,19592,9828.7,7974.1,13736,9491.4,10082,15751,15038,8887.9,18850,16479,12502,7885.6,15411,13195,9115.9,7961.4,16296,9290.8,10284,8738.9,9725.5,11213,13861,19941,15201,10144,7361.8,14018,21757,7166.5,16911,270.84,8008.1,309.56,9169.6,11600,501.07,13867,6829.2,633.89,14536,6564.7,14231,11621,11296,17911,10509,413.35,4763.8,13158,9127.7,18078,4558.1,8152.3,12140,19539
5089,1175.9,8434.9,3456,3735.4,5124.3,667.32,5085.5,4289.9,5000.4,10175,3919.9,8612.1,3352.9,9142.3,8399.6,10626,19352,8932.4,11095,4047.9,4725.6,10258,3305.9,4997.4,14306,19634,12429,4137.8,8710.7,13948,664.72,3153.6,5469.5,12491,1095.3,11213,8159.9,7855.7,3669.7,17109,18129,0,4092.4,7209.5,9800.1,4792.8,5024.2,4275.1,961.91,3712.1,7767.4,1082.5,784.24,4154.9,6823.2,992.87,842.45,7819.8,7815.7,1091,7521.2,3704.9,9195.3,6230.9,2862.2,4802.2,4216.2,3166.5,6508.4,9639.9,4059.5,3945.5,11268,2271.1,17011,8024.3,18970,6570.6,5342.9,15409,14103,9245.2,16291,2621.1,11106,642.71,5179.4,5069.1,1476.3,8136.4,13789,12481,4466.5,5772,5702.8,19791,8277.6,4345.2,4876.6
9760.7,6358.7,17212,8235.2,8027.1,8322.4,5339.4,2433.8,739.16,8673.5,17549,9409.8,12864,3023.3,14769,11159,15065,20800,12836,13345,10492,8208,13983,8140,10888,23342,23978,14328,8141.6,13486,21436,3752.7,2244.1,9521.2,17074,5489.8,12725,13775,11420,1881.5,21257,19592,4092.4,0,13230,14909,8511.3,9380.1,7824.8,5452.7,9639.9,15174,3270.4,4053.9,8555.3,13690,4666.9,5700.9,11176,12637,4469.1,11960,9265.6,15594,12238,8053.1,7523,2184.8,6370.6,12866,13613,9938.5,1123.7,13806,6123.6,23668,11674,23750,10577,8443.3,25648,20377,14702,21827,7685.3,12698,5422.9,11093,11289,7045.2,10769,21335,18589,9902.9,13040,2696.9,20725,13668,8772.9,607.72
3165.2,4972.1,3787.8,6096.4,3462.7,4637.8,5820.6,10091,8693.7,3665.2,4803.4,3629.4,3176.5,8288.4,2148.2,2170.2,5331.2,9451.5,2401.8,3493.8,3628.6,3651.9,4565,4726.1,2078,9663,10609,5056.8,5019.2,1874.9,5855.2,9006.6,7953.6,2307.4,5319.9,7530.8,4360.8,1398.7,2438.6,9892.6,10314,9828.7,7209.5,13230,0,3464.3,3361.6,2794.6,2090.7,5481,6061.5,1965.1,8257.1,7929.9,3325.4,1551.8,6231.4,7018.7,348.96,1966.1,6348.1,700.08,4160,3378.7,1992.6,4646.5,2683.1,9029.1,4341.2,966.63,3306.8,5212.9,11167,3396.4,4603.9,9218.6,3367.9,10075,1014.8,1993.3,11541,9358.2,3295.9,9578.3,3619.8,4205.3,7228.5,2431.3,4428.3,6526.9,2201.4,7781,4330.5,2655.4,341.42,13221,14218,2443.9,3013.9,12997
7110.7,9382.7,558.83,7491.9,6668.8,8460,8351,14147,16005,6420.5,2072.8,7594.9,1004.8,13050,1600.2,2495,1477.3,6774.1,982.17,1544.3,7677.4,7140.1,1292.4,7638.3,5678.9,7242.1,7800.1,4152.7,9188.2,1819.2,6979.3,11290,12446,4707.4,1557.8,10001,516.93,2370.1,1201.9,15234,8302.4,7974.1,9800.1,14909,3464.3,0,5468.8,6154.2,6236.9,8923.2,10375,1867,10535,10168,7395.3,2005.6,10344,11578,4280.6,2121.8,10831,3457.3,7654.5,856.46,5587.2,7700.9,6138.4,11521,8228.8,4694.8,432.48,8550.3,15705,800.13,8758,7845.8,1248.4,7796,5184.7,5751,8774.7,12303,890.99,8554.8,8010.2,820.11,10488,4954.9,8897.4,10068,2815.8,8815.1,2437.3,5869.8,4597,13856,9144.6,1380.5,6093.4,13148
1960,3949.7,6357.5,2620.9,1445.6,3248.3,4573.2,8147.2,8782.6,2260.1,7500.6,648.82,5828.3,6174.5,4572.1,4158.5,6587.9,10974,5608.8,6228,1833.8,749.73,6683.4,2453.6,2510,12282,15223,8870.2,2958.7,4374.2,10455,5853.2,6895.1,497.76,7262.1,4396.5,4987.9,4052.8,4361.9,7360.7,10769,13736,4792.8,8511.3,3361.6,5468.8,0,1393.4,691.64,3970.6,3325.1,3874.4,4242.1,5465.6,570.3,4140.6,3793.7,5348.1,2282.1,3929.5,2937.9,3352.8,2239.3,5180.3,2486.4,2288,232.21,6831.1,3129.2,2586.4,6117.3,2589.6,9510.7,6159.4,2475.6,12560,6888.4,12291,3113.6,1800.1,12204,9447.2,5987.4,10810,2325.5,5555.6,4155,2347.4,3551.2,3155.8,3389.7,14144,7576,1601,2108.3,8592.9,17344,4493.4,276.99,7397.7
738.49,3371.1,6659.1,2084.7,608.56,1660.7,4598,9399.2,8976.6,940.02,6948,1006.4,5848,7020.7,5443,4258.4,9954.2,11132,4480.1,7032.5,585.78,2009.7,7200.7,1962.9,1195.5,14499,12619,9603.1,1317,4499.8,10501,4234.5,8685.7,1429.4,7698.8,4188,6232.7,4744.4,5406.7,6503.9,12235,9491.4,5024.2,9380.1,2794.6,6154.2,1393.4,0,1494.6,3604.8,2036.3,4491.7,5954.2,5156.3,1065.6,4764.8,3560,5006,2809.7,5896.4,3733.8,3838.3,738.26,6299.2,1383.7,1700.2,1236.1,8407.7,2653.2,2048.3,6066,1692.9,7762.7,8159.6,2006.5,11913,7440.4,10797,1991.5,1178.2,13065,9167.1,5783.6,15292,2132.5,7671.9,3391.6,1359.4,1708.5,3356,4339,10672,7287,931.56,2674.2,10988,17204,5624,1286.7,8272.3
1884.4,4491.7,5546,3454.2,1976.3,3406.3,5261.7,9288.8,9035,1989.7,7759,932.68,4397.4,8999.5,4643,3083.5,6010.4,10386,4330.4,5536.3,1750.2,1277.5,5983.8,2960,1485,13257,12889,8069.9,2472.8,3821.1,8222.3,5277.9,5801.6,221.19,7049.6,5333.9,6353.6,3457.8,4157.9,6592.8,11055,10082,4275.1,7824.8,2090.7,6236.9,691.64,1494.6,0,4075.1,2907.5,3383.2,4395.8,5334.2,1059.4,3433.4,3707.2,4915.6,2289.3,3551.2,3987,3191.6,2089.5,4806.2,1301.4,3134.8,496.49,8626.6,3995.6,1982.8,5195.2,2856.4,8590.1,5647.3,3020.4,11643,5833.4,12640,2377.2,1377.6,11369,9673.9,6283.8,13772,2586.2,6339.2,4697.8,1912.6,2591,3539.9,3617.2,12541,6531.9,1074.2,2291.6,10434,15159,4731.4,648.75,10311
4033.4,1057.8,7899.9,2617.1,2673.1,4070.5,871.87,6414.8,4795.4,4194.6,10860,3522.2,8903.5,3131.3,7952.6,7344.4,12089,16963,10450,9369.8,3398.7,3414.8,12420,2751.3,5951.4,15143,16332,11205,3592,8482.9,11630,1715.7,3403.1,4496.8,10625,923.58,9638.4,8722.3,7112.9,4347,14735,15751,961.91,5452.7,5481,8923.2,3970.6,3604.8,4075.1,0,4191.2,7988.6,1584.6,1294.4,3151.8,7082.3,877.88,1293.2,6323.1,8287,274.29,6392.4,3153.1,9174.6,5221.6,2410,4098.7,3828,2723.8,4644.7,8320.4,3137.2,4785,9698.2,2281.1,13413,10508,16761,5717.4,4418.1,15824,10659,9437.8,17242,1921.2,10876,1190.3,4887.1,3956.4,824.57,5653.2,16317,9519.2,5115.4,6048.1,6227.3,22101,8673.6,4335.6,5656.7
2152.6,2859.2,9565,964.55,1356.4,439,5255.8,10359,7765.4,1934.1,9051.8,2698.6,7664.8,8103.4,8846.6,6631.7,12534,13800,6942.6,9873.2,1592.4,3599.5,8404.6,739.54,2862.1,13891,13471,9377.5,820.75,8076.7,11190,4039.1,8082.6,2824.2,10206,3786.2,9731.8,6012,8156.7,8001.7,13168,15038,3712.1,9639.9,6061.5,10375,3325.1,2036.3,2907.5,4191.2,0,6488.1,4910.2,5508.9,3038.9,6281.7,3031.9,2714.5,4539.8,6217.2,3131.3,6127.1,1382.2,8006.9,3545.5,1150.5,3380.6,7986.2,780.54,4676,7603.2,445.78,5722.8,8850.2,1460.9,14932,7589.6,11181,3923.6,3251.3,16035,8507.9,7146.1,14923,2604.9,9717.6,4055.6,3706.5,1519.3,2266.2,6771.5,15467,10779,3052.3,4452.7,10677,20373,8119.6,3427.6,9588.7
5687.3,6648.2,2180.4,7054.1,5757.5,6977.1,7887.1,9793.5,12257,4223,3374.4,4725.9,829.52,11824,267.76,1209.8,3615.7,9554.3,665.61,2333.8,5743.1,4583,2682.8,6660,3975.5,8033.4,9891.1,4700.5,6072.4,627.31,6981.5,9197.2,11634,4147.8,3301.4,8780.8,1614.5,562.38,451.65,10401,8304.2,8887.9,7767.4,15174,1965.1,1867,3874.4,4491.7,3383.2,7988.6,6488.1,0,8402.7,8926.1,5376,202.06,8348.2,9631.3,2758.4,357.92,6446.8,1972.7,5054.9,877.05,4173.7,6455,4369.8,10424,8041.5,3393.8,1161.4,6679.6,10540,2096.6,7206.7,9984.9,1415,9093,3106.3,4119,9207.3,9994.4,1889.2,9415.8,5923.4,1930.8,7144.8,4627.2,6872.6,7903.1,1349.6,8945.1,3158.3,4263.3,2396.3,11572,11336,790.63,3974.7,12103
4656.7,2398.1,12484,4990.4,5421.7,4542.5,1137.8,4438.3,3091.5,6455.1,10241,4937.9,9497.9,2194.4,9376.9,10165,12070,15299,9965.9,9729.4,4957.6,4671.7,11302,3918.3,6251.5,13700,17451,13437,6392.8,9169.1,13558,1510.4,1709.9,6547.6,13621,2249.3,12207,9416.4,8374.6,3065.7,17396,18850,1082.5,3270.4,8257.1,10535,4242.1,5954.2,4395.8,1584.6,4910.2,8402.7,0,621.82,4436,9255.1,1664.8,1696.8,8154.2,10526,1809,8271.4,4476.5,11246,6451.3,4446.1,4084.9,2130.2,4360.8,8576.7,11538,5991.3,2967.5,10843,3566,17182,8927.4,14360,7267.2,6369.1,17319,15689,10635,17908,3635.2,13033,1582.8,7372.2,7048.4,2294.4,7012,15654,9631.8,5658.9,5967.7,4130.2,18816,10374,5250.5,4178.1
4897.7,2020.2,11474,3164.4,5224,4736.3,1282.6,5468.7,3298,5831.6,12163,4105.9,11416,2789.9,9859.1,8233.4,14042,20292,10779,11238,4649.9,5510,11116,4088.5,5021.1,16985,19587,11182,5092.7,9885.8,13673,713.3,2518.4,5902.7,13399,1623.8,12193,9354.3,9769.3,3070.5,18729,16479,784.24,4053.9,7929.9,10168,5465.6,5156.3,5334.2,1294.4,5508.9,8926.1,621.82,0,4505,10548,1589.5,1474.2,7584.2,9050.7,1434.1,9212.2,4773,7832.9,7010.3,3777.3,6029.8,2760.9,4102.1,7215,10328,4256.3,3083,10858,3358.1,17476,9320,20899,8085.6,7483.8,15489,12124,10235,18008,3286.2,12859,1328.8,6349,5532.6,2085.7,7719.9,18993,14228,6657.5,7747.9,4975.1,19527,10295,5839.2,3761.9
1572.1,3216.1,6483.5,1992.6,878.33,2857.1,3387,8838.8,8751.6,1928.1,8179.6,137.66,5128,7551.7,4971.7,4289,8688.9,12192,6088.7,7862.5,1438.2,890.02,7037.1,2251.5,1994.1,13822,13189,10418,1735.7,4665.3,10210,5429.1,6108.9,897.31,6592.7,3559.7,7284.2,4435.9,4582.2,8697.8,11216,12502,4154.9,8555.3,3325.4,7395.3,570.3,1065.6,1059.4,3151.8,3038.9,5376,4436,4505,0,4921.6,3973.3,4264.5,2696.2,4359.1,3161.6,4003.7,1433.1,6269.2,1590.8,2196.1,573.24,7888.9,2677.4,3076,6428.6,2611.3,5906.2,7031.8,2104.1,11322,5702.9,11927,3174.4,2037.4,12711,9583.8,6447.2,14249,1793,6407.9,4663.1,2217.3,2834.4,3315.7,4306.1,14063,8646,1390.4,2962.8,9387.2,17112,4524.4,744.45,8876.3
5553.6,7428.3,2284,7942.4,5781.5,7272.6,8328.5,13374,13296,5697.2,3475.1,5170.2,1127.8,9565,413.31,1181.8,3750.9,8753.1,884.61,2256.3,5779.5,4634.2,2971.7,8023.9,3292.6,8524.3,9022.2,5062.6,5906.9,630.64,7262.7,9369.4,8779.3,4279.4,3591.4,10148,2081.2,618.86,579.54,9047.8,9027.7,7885.6,6823.2,13690,1551.8,2005.6,4140.6,4764.8,3433.4,7082.3,6281.7,202.06,9255.1,10548,4921.6,0,9022.7,9043,2140.6,278.26,6555.3,1387.8,4961.9,1147.3,3951.5,6585.1,4432.2,10007,8030.7,2953.5,1494.6,6049.3,14214,2773,6741.1,8551.1,2190.9,7604.4,3132.2,3966.2,9642.4,11821,1782.1,10506,5189.1,2065.1,8031.8,3813.4,7413.5,7724.7,1384.7,7941.2,3741.6,3531,2269.8,10247,12768,709.02,4515.3,13445
3839.1,676.32,10441,1956.6,2976.1,3693.4,1438.5,7295,5207.2,5065.5,10327,3115.1,10532,4742.3,7130.6,8701.4,11877,16393,8085,11317,3649.9,4453.3,9499.1,2451.9,4554.2,14901,13970,13033,3660.3,8994.1,15857,1131.2,3269.3,4718.5,9882.1,151.23,12385,8022.3,8406.7,4518.5,14400,15411,992.87,4666.9,6231.4,10344,3793.7,3560,3707.2,877.88,3031.9,8348.2,1664.8,1589.5,3973.3,9022.7,0,591.12,6086.6,7512.1,983.99,8804.4,3291,10800,5983.6,2705.9,3730.3,3999.2,2048.8,6510.1,9036.6,3719.6,4573.4,9306.4,2072.3,16804,8830.9,16274,6646.1,4880.3,15948,9352.3,9781.3,16455,2492,8418.2,423.08,4974.5,4775.9,481.99,7672.9,16665,11756,4242,6101.6,7777.3,21048,8693.2,5099.3,4476.2
4153,845.99,11696,2272.7,3340.6,3601.2,1493,6975.2,4903.8,4260.8,13201,3411.6,7848.9,5106.9,8783.1,9072.5,13466,16176,8859.2,11471,4337.6,4395.3,11242,3161.4,5039.7,15420,15045,13473,3347.3,10456,14715,888.15,4034.1,4912.2,12237,354.02,11389,7977.7,9369.6,4352,20021,13195,842.45,5700.9,7018.7,11578,5348.1,5006,4915.6,1293.2,2714.5,9631.3,1696.8,1474.2,4264.5,9043,591.12,0,6769.8,8801.9,1623,9056,3314.1,10142,5109.9,2763.7,5102.8,4712.8,2310.7,7079.3,10753,3446,4312.8,12835,2275.7,18595,10904,18455,7032.6,5928.7,18525,10161,9714.1,14765,2765,9158.6,227.54,6281.3,5372,1144.3,6981.3,18125,9897.9,4733.1,7250,6360.8,24893,8465.4,4921,5713
3256.6,6478.3,3881.8,4444.8,3699.9,4476.1,6643.6,11631,9400.1,3394.5,4967.1,2797,3366.5,8617.3,2416,2119.3,5762,7737.5,2650.2,3948.4,3402.2,3604.3,5225.9,4593.8,1811.9,10597,9057.5,6209.5,3276.4,2622.9,7900.9,6795.2,8927.8,2406.1,6506.8,7810,5015.7,1791.2,2516.4,8553.5,9307,9115.9,7819.8,11176,348.96,4280.6,2282.1,2809.7,2289.3,6323.1,4539.8,2758.4,8154.2,7584.2,2696.2,2140.6,6086.6,6769.8,0,2095.3,5430.2,888.51,3031.2,3628.4,1863.7,4389.5,2898.9,8735.5,5799.4,771.37,3393.8,4286.2,10558,3687,4599,8619.9,4371.3,9057.4,731.99,1849.7,8270.6,9130.6,3678.4,8843.7,4573,4431.7,6245.4,1484.5,3684.7,4763.4,2338.5,9439,4008.8,2226.2,53.734,11287,13372,2386.8,2995.4,11217
5484.8,8242,2333.1,6771.1,5563.4,7718.1,8576,11068,12678,5090.2,3138.2,5089,1025.7,10068,389.21,1168.5,3575.8,9355.5,953.9,2390.9,5363.6,3813.7,2924.3,7869.3,4541.4,7494.1,10193,4497.3,7020.4,400.45,6593.6,7981.2,9421.7,4476.1,3129.5,9798.6,1872.2,535.51,715.61,10921,7965.2,7961.4,7815.7,12637,1966.1,2121.8,3929.5,5896.4,3551.2,8287,6217.2,357.92,10526,9050.7,4359.1,278.26,7512.1,8801.9,2095.3,0,7204.5,1666.1,6230.5,1036.1,3811.3,6000,5081.1,10678,9050.1,2551.2,1608.8,6724.2,12190,2058.4,5891.1,9878.2,1609.5,8633.2,2630.4,3886.6,10078,11791,1439.1,7936.8,6479.6,2141.9,9440,3995.7,5035.6,8634.9,1586.5,8769.4,3099.5,3870.7,2477.2,13977,10758,486.17,4227.5,14648
4658.3,965.12,8802.7,2393,3081.9,3384.6,991.85,6131.2,5652.5,3519.4,9972.5,2945.5,9084.2,4410.6,7719.7,7947.5,12069,14098,8307.2,10451,4064.1,3331.5,11180,2653.1,4630.6,13848,14549,13292,3623.5,8134.4,14378,1599.7,4162.5,4022.6,10399,1048,9204,6826.9,8575.8,4625.3,17817,16296,1091,4469.1,6348.1,10831,2937.9,3733.8,3987,274.29,3131.3,6446.8,1809,1434.1,3161.6,6555.3,983.99,1623,5430.2,7204.5,0,6893.9,4113.6,7937.3,4420.5,2031,3315.2,4788.5,2365.8,6352.2,9206.4,3733.6,4503.2,11614,1731.2,13655,9900.8,16371,5119.3,4389.8,17311,12125,8134.7,16602,1749.4,11333,1276,4850.7,3866.4,478.11,6194.9,16009,9884.6,4103.9,6036.2,7772.2,20010,9170.5,3740.4,6472.4
4117.8,6880.6,3385.5,5965.2,4572.9,5151.2,6759,11815,13325,2859.2,3694,3217,2052.2,12006,2140.5,2771.9,4872.9,8359.7,2776.3,3632.7,3582.7,4297.3,4765.6,5979.5,2562.4,10095,11321,4810.6,5482.3,1540.5,6211.1,8000.1,8471.6,2924.7,4912.8,7721.2,3496.9,1306,2121.5,11954,9073,9290.8,7521.2,11960,700.08,3457.3,3352.8,3838.3,3191.6,6392.4,6127.1,1972.7,8271.4,9212.2,4003.7,1387.8,8804.4,9056,888.51,1666.1,6893.9,0,4393,2135,2490.8,3985.9,3370,11104,6028.6,1354.4,2394.6,5132.4,11026,4367.5,5168.4,8846.9,3076.3,8612.3,1193.8,2266.5,10289,9394.3,2954,8595.1,5661.7,3664.7,7397.8,1850.7,5313.5,7358.9,2371.1,7751.9,3759.7,2790.7,869.01,12162,12533,2358.6,2904.3,13881
584.9,2581,8723.1,1543.3,690.46,1075.7,4021.4,8770,7452,748.37,7469.1,1726.3,6850.8,8288.7,5693.9,5032,9471.4,12273,6950.9,7854.3,178.74,2327.5,8624.4,1155.7,1690.3,14200,12333,8475.9,587,4418.7,10828,4559.2,6447.9,2060.1,9260.9,4251.4,7134,4264.7,7372.8,9681.3,12038,10284,3704.9,9265.6,4160,7654.5,2239.3,738.26,2089.5,3153.1,1382.2,5054.9,4476.5,4773,1433.1,4961.9,3291,3314.1,3031.2,6230.5,4113.6,4393,0,7061.3,1721.5,1367.2,1808.5,8255.4,2006.3,2664,6996.2,1055.5,8447.2,8950.6,1713.4,12039,7199.9,13349,2528.5,1666,14879,9042.9,6877.3,10422,2378.8,6970.3,4338.6,1913.5,1214.5,3170.3,5916.5,10921,8740.4,1682.1,2710.2,8900.8,14981,6417.4,2104.2,9330.3
4891.7,8054.7,1051.9,9079.4,7667.1,7043.5,8188.3,12356,14478,6285.5,2367.5,5702.6,568.19,12417,765.33,1664.1,2878.5,7628.1,364.02,1380.6,7057.1,5361.8,1895.2,7187.8,4137,8555.7,7986.9,5069.7,6364.9,1054.2,7003.3,10885,11578,4556.6,2047.8,7635,1280.5,1616.4,606.47,13156,10056,8738.9,9195.3,15594,3378.7,856.46,5180.3,6299.2,4806.2,9174.6,8006.9,877.05,11246,7832.9,6269.2,1147.3,10800,10142,3628.4,1036.1,7937.3,2135,7061.3,0,5651.2,8504.6,4929.6,12629,6962.4,4443.2,362.67,8047.3,13949,1369.7,7654.6,8773.6,1327,7352,4167.2,4874.7,8180.5,10890,1028.7,8559.8,7235.6,1118.2,8675.1,4533.4,8092.8,9096.6,2150.6,9068.7,3219.5,5856.2,2713.7,11736,11147,729.22,4099.6,13215
1165.4,4844.3,5558.4,3209.3,1502.8,2932.7,5760.7,10513,8714.1,1138.8,7097.3,2519.7,4584.8,8536,5054.6,3718.8,7648.5,12921,4907,6341.9,1598.3,2621.9,6548.7,2298.8,67.889,13199,10441,6835.7,2575.5,3805.4,8963.3,6443.9,7176,2004.5,8307.8,4764.4,6836.7,3697.7,4326.2,9359.2,12064,9725.5,6230.9,12238,1992.6,5587.2,2486.4,1383.7,1301.4,5221.6,3545.5,4173.7,6451.3,7010.3,1590.8,3951.5,5983.6,5109.9,1863.7,3811.3,4420.5,2490.8,1721.5,5651.2,0,2813.6,2086.3,11017,3443.9,1323,6227,3022,8746.5,5560.2,3245.1,10336,5654.8,13401,1070.7,226.35,10543,9422.3,5137.1,11345,3019.4,5966.3,5522.6,170.74,2331,4528.8,3448,13296,6467.6,640.63,2019.6,10759,13794,3865.9,2480.4,9646.6
1921.3,1691.4,8835,522.24,1127.7,1741.3,3220,6885.3,7101,1995.1,10026,1973.9,7361.7,5710.1,7001.7,6283,8505.3,11552,8252.2,7741,1597.5,2846.1,9041,319.91,2981.8,13410,12110,10104,1167.7,6631.7,13307,3266.5,6456.4,3009,9808.1,2363.8,9065.6,6989.7,7783.1,6604.1,13544,11213,2862.2,8053.1,4646.5,7700.9,2288,1700.2,3134.8,2410,1150.5,6455,4446.1,3777.3,2196.1,6585.1,2705.9,2763.7,4389.5,6000,2031,3985.9,1367.2,8504.6,2813.6,0,2567.6,6312.7,1020.4,3374.3,9977.2,1215.7,7311.4,8813.2,365.11,12692,8133.6,13981,3905.9,2689.4,17205,10299,8439.2,14540,1120.3,8909.7,2510.2,3275.1,1958.1,1670.2,7219.3,15911,10473,3032.5,4656.1,9636.4,20090,6226.1,2567.1,7158.6
2075.4,3297.2,6466.4,2873.6,1132.2,3157.3,4421,8371,7872.6,2074.9,7209.3,628.04,4746.7,7428.2,4822.8,3075.8,8089.8,13614,4903.4,7622.5,1732.7,1033.8,7290.6,2168.4,2126.7,10236,12660,6667.3,2319.9,4452.5,8781,4858.3,6678.2,474.92,8195.6,4472.6,5416.8,3532.4,4525,6566.2,11730,13861,4802.2,7523,2683.1,6138.4,232.21,1236.1,496.49,4098.7,3380.6,4369.8,4084.9,6029.8,573.24,4432.2,3730.3,5102.8,2898.9,5081.1,3315.2,3370,1808.5,4929.6,2086.3,2567.6,0,7084.5,3417.6,2440.4,5445.1,2748.7,8981.6,6692.6,2371.2,11391,5459.5,12743,3000.8,1473.2,10660,10387,6243.8,11299,2060.5,6999.9,4501.7,1995.1,2682.3,3711.5,3285,13029,6773,1195.1,2585.2,9671.6,15231,5061.6,306.41,8068.4
8457,5172.1,14170,7592.8,5960,8726.2,3999.8,1634.2,1964,8361.6,13989,5865.6,11693,577.97,11482,12514,14619,17723,11298,10196,8290,6605.3,14407,6666.9,10224,19099,20329,14421,8255.1,10977,16780,3645,741.52,8291.2,12601,5388,14416,11585,11688,217.27,17015,19941,4216.2,2184.8,9029.1,11521,6831.1,8407.7,8626.6,3828,7986.2,10424,2130.2,2760.9,7888.9,10007,3999.2,4712.8,8735.5,10678,4788.5,11104,8255.4,12629,11017,6312.7,7084.5,0,5376.6,10068,10553,8250.3,1974.3,11983,7554.5,22869,13650,16141,10311,9140.5,19093,16786,11025,20536,6215.1,10320,3665.8,9768.1,10903,5135.8,10225,22821,12926,9364.1,9750.1,1803.1,22339,12565,6658,2007
2771.6,1751,7736.4,326.95,2138.6,1432.3,3121.9,9437.6,5718.4,2688.1,9728.7,2968.1,8004.6,6335.9,6944.3,7009.4,10573,13507,9412.4,9654.9,2263.5,3617.5,10341,598.26,3149.5,15737,14997,10569,1316.9,7275.4,11817,2709.6,6018.6,3517,11848,2537,10216,7107.7,7689.1,6907.5,14033,15201,3166.5,6370.6,4341.2,8228.8,3129.2,2653.2,3995.6,2723.8,780.54,8041.5,4360.8,4102.1,2677.4,8030.7,2048.8,2310.7,5799.4,9050.1,2365.8,6028.6,2006.3,6962.4,3443.9,1020.4,3417.6,5376.6,0,4317.9,7582.3,1217.7,7100.2,10542,910.19,14506,9898.7,13257,5221.6,3726.8,15178,7963.9,8781.3,16276,1537.5,9946.5,2327,4465.6,2194.1,1649.5,6970.7,12480,9356,3726.2,4882.4,9476.7,16319,8126.9,3213.3,7631.7
2079.3,4653.7,4794,4007.8,2365.7,3346.7,6261.7,10306,11716,2410.7,6456.2,2860.7,4013.9,10192,2622.5,3472.4,5411.7,10829,3755.2,4377.7,2386.2,3919,4713,4578.2,1210.9,8492,8886.7,7313.9,3190.5,3342.4,8685.2,6759.8,8488,2067.9,6041.1,6323.1,5545.2,2469,3337.7,7576.1,9654.7,10144,6508.4,12866,966.63,4694.8,2586.4,2048.3,1982.8,4644.7,4676,3393.8,8576.7,7215,3076,2953.5,6510.1,7079.3,771.37,2551.2,6352.2,1354.4,2664,4443.2,1323,3374.3,2440.4,10068,4317.9,0,3313.1,3499.9,9073.3,5410,4209.3,11157,4139.4,8967.3,328.28,1129.7,10855,8283.5,4607.1,11747,4013.6,4903.6,6544.6,967.59,3559,5894.5,3015.3,9998.2,5652.8,1447,821.6,11295,14665,2926,2738,12914
5900.4,8967,749.47,8487.2,5877.5,7954.7,9604,13236,16634,7617.7,2059.8,5790.2,535.74,12528,1002.7,2247.9,2393.3,8509,597.95,1216.6,6442.2,6230.4,1268.9,8348.1,5419.5,7680.8,9555.2,4106.6,7453.9,1371.2,5517.7,11444,14280,4868,2010.4,9566.4,626.23,1491.2,1150.1,14435,7221.5,7361.8,9639.9,13613,3306.8,432.48,6117.3,6066,5195.2,8320.4,7603.2,1161.4,11538,10328,6428.6,1494.6,9036.6,10753,3393.8,1608.8,9206.4,2394.6,6996.2,362.67,6227,9977.2,5445.1,10553,7582.3,3313.1,0,6326.2,15542,699.72,6608.1,8708.1,992.54,7197.3,4192.3,5415,6954.7,11876,814.15,7727.6,7705.5,672.19,10051,5126.2,6937.5,7531,2006.8,7963.3,2274.5,6043.9,3578.8,14370,10616,975.88,5868.7,14042
1442.1,2495.3,7670.4,1275.8,1360.6,357.32,4844.1,11482,9401.1,1352.3,11220,2415.9,7421.6,7813.2,7750.7,7226.6,11487,14563,8233.3,9753.4,1141.4,2933.9,9746.4,1135.6,3049,14963,15045,10207,346,7100.5,9175.7,4866.5,6149.3,2309.1,8620.3,3146.5,8057.6,5531.6,6049.9,8196.1,11095,14018,4059.5,9938.5,5212.9,8550.3,2589.6,1692.9,2856.4,3137.2,445.78,6679.6,5991.3,4256.3,2611.3,6049.3,3719.6,3446,4286.2,6724.2,3733.6,5132.4,1055.5,8047.3,3022,1215.7,2748.7,8250.3,1217.7,3499.9,6326.2,0,7022.5,9058.6,1403.7,14874,7515.8,13694,3501.9,2654.1,12354,8734,6270.5,14306,2338.3,7778.3,3175.3,2992.4,1127,2562.9,6828.2,15268,7614.9,2438.4,4261.6,9432.8,15817,7242.1,3173.7,7793.9
9464.9,5264.4,12556,6910.5,6305.5,7806,4175.3,2852.8,349.1,9445.5,16128,8062.7,14133,2295,13899,10401,16354,21737,13129,12354,7114.9,7834.2,14095,8201.4,11296,19391,17409,16311,9478.1,12042,18341,3985.5,1902,9191.4,15341,5214.7,15437,13017,12088,1484.9,21138,21757,3945.5,1123.7,11167,15705,9510.7,7762.7,8590.1,4785,5722.8,10540,2967.5,3083,5906.2,14214,4573.4,4312.8,10558,12190,4503.2,11026,8447.2,13949,8746.5,7311.4,8981.6,1974.3,7100.2,9073.3,15542,7022.5,0,15126,5879.2,22589,15099,23259,12245,10219,20755,13479,14562,22972,6383.6,13778,3962.7,9593,7228.8,4703.4,10847,22059,16696,8474.9,11582,2970.7,19908,12659,7446.5,1228.3
7562,8571,359.41,8513.1,8020.5,10229,10299,14167,13997,7356.2,1367.1,7710.5,1294.3,14153,1914,3453.6,2009.2,7625.9,1909.7,686.62,7850.5,6984.3,570.62,9899,5990.8,8115.1,7261.1,3157.6,8785.2,2006.6,5740.2,12713,12587,6004.5,1252.8,8788.2,383.13,2505.2,2329.2,13556,6206.3,7166.5,11268,13806,3396.4,800.13,6159.4,8159.6,5647.3,9698.2,8850.2,2096.6,10843,10858,7031.8,2773,9306.4,12835,3687,2058.4,11614,4367.5,8950.6,1369.7,5560.2,8813.2,6692.6,11983,10542,5410,699.72,9058.6,15126,0,8958.3,7467.2,670.43,7316,4435.5,5691,6991.9,12307,770.2,7597.3,10148,364.01,11435,5899,6846.1,10325,3096.3,7637.3,1977.1,7072.4,3876.6,12899,8607.6,1428.3,5356.3,15536
2212.7,1598.8,9212.9,765.2,996.13,2262.9,2787.9,7890.6,7767.3,2211.1,8186.7,1787.9,7401.9,6359,7674.6,7223.7,10653,15094,6134.1,8606.8,1533.3,3037.8,9777.1,648.73,2880.7,12104,14793,10142,1772.3,6825.1,12195,2887,6122,3502.2,9884.2,2264.8,10290,6112.8,6495,5747,14977,16911,2271.1,6123.6,4603.9,8758,2475.6,2006.5,3020.4,2281.1,1460.9,7206.7,3566,3358.1,2104.1,6741.1,2072.3,2275.7,4599,5891.1,1731.2,5168.4,1713.4,7654.6,3245.1,365.11,2371.2,7554.5,910.19,4209.3,6608.1,1403.7,5879.2,8958.3,0,13558,9221.2,13511,3638.9,3281.7,13571,9687,9635,15079,848.02,8781.4,2497,3461.5,3015.8,1479.8,6370.3,11993,10002,3225.1,4341.5,7678.2,17472,7803.3,2549.3,7348
10689,15415,8724.3,13309,13865,14496,18953,21558,19377,9729.2,6575,12996,8507.9,18606,9746.6,11109,7424.8,264.41,8956.8,7826.7,10360,13186,7290.5,14877,13397,596.71,216.41,3928.3,13996,9529.3,2908.5,17195,17598,13160,6120.3,13217,8061.7,8178.8,7680.1,20400,90.807,270.84,17011,23668,9218.6,7845.8,12560,11913,11643,13413,14932,9984.9,17182,17476,11322,8551.1,16804,18595,8619.9,9878.2,13655,8846.9,12039,8773.6,10336,12692,11391,22869,14506,11157,8708.1,14874,22589,7467.2,13558,0,7328.5,56.151,11754,9783.4,243.48,14586,8342.1,344.79,13054,7338.3,15508,9983,14889,16167,10021,142.27,5832.3,13175,10584,22323,3815.5,9456.3,12315,22337
7141.1,10215,875.47,9374.7,7051,7907.7,8677.9,12717,15924,5563.2,1473.5,5585.8,890.76,13229,1931.4,3104.3,2750.2,8597.7,1590.7,555.95,8323.2,6460.8,1212.5,8462.4,6626.6,5413.1,7517.7,3423.3,7429.2,1501.4,4571.2,12492,14283,6042,2001.9,10521,714.25,2008.7,1584.2,11283,7881.1,8008.1,8024.3,11674,3367.9,1248.4,6888.4,7440.4,5833.4,10508,7589.6,1415,8927.4,9320,5702.9,2190.9,8830.9,10904,4371.3,1609.5,9900.8,3076.3,7199.9,1327,5654.8,8133.6,5459.5,13650,9898.7,4139.4,992.54,7515.8,15099,670.43,9221.2,7328.5,0,7586.5,4545.1,6028.2,7913.2,10996,198.75,7798.2,8497.9,362.02,10719,5824.9,8005.7,9190.8,2997.3,7750.5,1519.2,5498.3,3796,13108,11731,1275.3,4833.9,15792
13432,12753,8704.2,11861,13617,13637,17859,18655,22847,13007,7087.6,10455,7148.2,17370,8845.8,10380,6887.5,332.32,10201,6234.4,12706,15629,8274.6,11543,10744,561.05,190.81,4523.7,12807,9249.4,2943.2,16164,17900,12438,8215.8,15321,7399.3,8891.3,8755.2,20852,170.2,309.56,18970,23750,10075,7796,12291,10797,12640,16761,11181,9093,14360,20899,11927,7604.4,16274,18455,9057.4,8633.2,16371,8612.3,13349,7352,13401,13981,12743,16141,13257,8967.3,7197.3,13694,23259,7316,13511,56.151,7586.5,0,9062.5,12180,216.53,15471,6728.3,333.74,13979,7107.9,18517,11263,13315,16273,9799.8,106.07,6221.6,9985,11388,24071,3617.8,8736.2,12967,21853
1897.1,5306.4,5277.9,4750.2,2800.5,3629,7465.9,10695,10612,2427.5,5523.4,2890.8,4105.9,11524,3497.8,2996.9,6301.4,9261.1,3991.1,4456.8,3108.2,3320.7,5137.2,3775.6,1346.4,9422.4,9259.1,5780.6,3229.3,2634.2,6251.8,8321.6,9731.5,2079.1,6297.6,7318.1,4665.2,1805.8,2708.5,10083,8169.8,9169.6,6570.6,10577,1014.8,5184.7,3113.6,1991.5,2377.2,5717.4,3923.6,3106.3,7267.2,8085.6,3174.4,3132.2,6646.1,7032.6,731.99,2630.4,5119.3,1193.8,2528.5,4167.2,1070.7,3905.9,3000.8,10311,5221.6,328.28,4192.3,3501.9,12245,4435.5,3638.9,11754,4545.1,9062.5,0,1119.2,8218.6,9050.3,3589.7,9333.1,4136.3,4684.2,6240.5,1117.1,4024,6398.3,3166.4,11232,4891.7,1551.1,769.33,11337,14960,3025.2,2700.5,13254
1150.1,4242.7,5248.4,3405.9,2049,2960.7,4751.5,10883,11309,1469.4,6255.2,1982.6,4152.6,8118.7,4237.4,4476.4,7956.8,11416,5089.2,4921.1,1702.3,2826.1,5330.6,2812.8,157.1,9118.6,12804,7563.1,2597.3,3829.3,10387,6577.7,9321,1618.9,7406.1,4441,6546.6,3314.3,4830.9,8196.8,12103,11600,5342.9,8443.3,1993.3,5751,1800.1,1178.2,1377.6,4418.1,3251.3,4119,6369.1,7483.8,2037.4,3966.2,4880.3,5928.7,1849.7,3886.6,4389.8,2266.5,1666,4874.7,226.35,2689.4,1473.2,9140.5,3726.8,1129.7,5415,2654.1,10219,5691,3281.7,9783.4,6028.2,12180,1119.2,0,12394,7557.5,4739.3,9963.5,2498.2,5724.9,5097.3,314.34,2426.2,4695.7,3245.8,11477,5948,455.03,2019.7,9715.1,17564,4511.7,1927.8,10349
11696,15409,7890.3,12072,14295,12850,19132,20044,21709,11447,6302,11230,9599.4,16926,7850.8,9050.8,9164.3,444.66,10165,6142.6,12013,12514,7275.7,14142,9695.6,719.46,34.832,5301.1,13303,9653,2983.7,15499,21542,10952,7249.8,16143,7814.2,8606.4,7616.1,19563,354.3,501.07,15409,25648,11541,8774.7,12204,13065,11369,15824,16035,9207.3,17319,15489,12711,9642.4,15948,18525,8270.6,10078,17311,10289,14879,8180.5,10543,17205,10660,19093,15178,10855,6954.7,12354,20755,6991.9,13571,243.48,7913.2,216.53,8218.6,12394,0,12763,7567.2,69.16,14906,8336.7,15751,9972.2,12196,15060,10357,99.671,5220.1,10398,11420,17245,3352.8,7439.8,13153,18497
8638.8,12234,12979,10130,10011,7550.3,11797,19044,16269,8621.1,11127,10952,9308.6,13697,10966,10303,14390,15692,10738,11690,7790.7,12138,11002,7945.9,7212.1,13842,14740,9817.3,9135.8,11208,13937,14895,14394,9625.5,13309,12233,12321,12099,12182,18791,13974,13867,14103,20377,9358.2,12303,9447.2,9167.1,9673.9,10659,8507.9,9994.4,15689,12124,9583.8,11821,9352.3,10161,9130.6,11791,12125,9394.3,9042.9,10890,9422.3,10299,10387,16786,7963.9,8283.5,11876,8734,13479,12307,9687,14586,10996,15471,9050.3,7557.5,12763,0,11783,11800,11385,11972,13420,8376.9,6812.6,12432,10406,12373,12262,8608.6,10304,20802,21132,10521,10188,16959
6732.3,9849.9,817.45,9250.9,6964,7854.3,10406,16302,13662,5397.3,1640,5497.4,649.6,12966,1506.6,2768.4,2102.3,7732.1,1342.4,788.21,6996.7,6417.2,1332,7937.4,5273.5,7288.7,7646.3,3460,7308.3,1231.8,4609.6,10165,11017,5317.5,1707,9609.7,950.26,1593.6,1838,13275,7695,6829.2,9245.2,14702,3295.9,890.99,5987.4,5783.6,6283.8,9437.8,7146.1,1889.2,10635,10235,6447.2,1782.1,9781.3,9714.1,3678.4,1439.1,8134.7,2954,6877.3,1028.7,5137.1,8439.2,6243.8,11025,8781.3,4607.1,814.15,6270.5,14562,770.2,9635,8342.1,198.75,6728.3,3589.7,4739.3,7567.2,11783,0,9120.9,7647,501.73,11173,4673.3,8346.7,9535.2,2592.1,6185.2,1540.4,5286.6,3411.3,12649,9574.3,891.25,4975.9,17194
11064,14920,7790.6,16300,11636,12350,13864,22224,24901,14181,6289.6,10898,7042,21288,9159.5,9183.8,9341.9,571.08,7983.9,7853,14170,12982,6462.9,12757,8802.5,820.36,53.136,4813.4,14506,8275.4,2359.5,16675,21477,12894,6945.2,16374,7497.8,8320.7,9940.5,18773,451,633.89,16291,21827,9578.3,8554.8,10810,15292,13772,17242,14923,9415.8,17908,18008,14249,10506,16455,14765,8843.7,7936.8,16602,8595.1,10422,8559.8,11345,14540,11299,20536,16276,11747,7727.6,14306,22972,7597.3,15079,344.79,7798.2,333.74,9333.1,9963.5,69.16,11800,9120.9,0,16439,7564.5,16508,10469,12460,13604,10301,183.02,6885,11931,10874,23952,4037.8,8943.4,12951,24332
2670.5,2005.8,8294.8,1221.1,1663.5,3205.8,2456.9,7603.6,7816.1,3007.1,10317,1724.7,7143.9,4710.8,7194.1,5936.2,8155.2,14940,7455.9,8426.9,2391.7,2504,9365.7,1503.4,3796.4,15009,12212,9764.9,2142,6299,11672,3410.1,5368.2,2674.5,9639.1,2493.3,7824.6,6240.5,6356.6,6581.1,13026,14536,2621.1,7685.3,3619.8,8010.2,2325.5,2132.5,2586.2,1921.2,2604.9,5923.4,3635.2,3286.2,1793,5189.1,2492,2765,4573,6479.6,1749.4,5661.7,2378.8,7235.6,3019.4,1120.3,2060.5,6215.1,1537.5,4013.6,7705.5,2338.3,6383.6,10148,848.02,13054,8497.9,13979,4136.3,2498.2,14906,11385,7647,16439,0,8324.6,2268.5,3552,3991.1,1469.1,5246.5,13789,8764.1,2807.5,4327.2,7979,18050,8042.3,2405.5,6679.8
5419,10045,461.42,8506.1,7365.3,8985.6,10424,13392,14992,7693.1,1481.3,7000.4,1081.1,13958,1951.4,2719.5,1726.6,6657.9,1332.3,653.84,7100.8,5787,816.33,8971.8,5567.3,7080.6,7539,2992.6,7529.4,1759.8,4846.8,13332,11806,6394.5,1611.7,10287,377.66,2579.1,2089.1,11936,7491.8,6564.7,11106,12698,4205.3,820.11,5555.6,7671.9,6339.2,10876,9717.6,1930.8,13033,12859,6407.9,2065.1,8418.2,9158.6,4431.7,2141.9,11333,3664.7,6970.3,1118.2,5966.3,8909.7,6999.9,10320,9946.5,4903.6,672.19,7778.3,13778,364.01,8781.4,7338.3,362.02,7107.9,4684.2,5724.9,8336.7,11972,501.73,7564.5,8324.6,0,10672,4604.1,7756.9,8661.7,3534.6,8435.4,2019.9,5373.6,4537.2,12628,8434.4,1408.4,6906.6,14247
4686.9,815.29,10192,2225.7,4274.6,4008.8,1320.3,5973.5,4404.3,4061.5,12101,4122.7,8730.3,3785.5,7855.7,10121,13869,14477,10412,10420,3695,3948.8,10124,2670.2,5286.3,13770,18431,12621,3581.9,7857.3,11749,645.68,3366.4,5198.2,12279,341.05,11201,6984,10622,4429.2,19396,14231,642.71,5422.9,7228.5,10488,4155,3391.6,4697.8,1190.3,4055.6,7144.8,1582.8,1328.8,4663.1,8031.8,423.08,227.54,6245.4,9440,1276,7397.8,4338.6,8675.1,5522.6,2510.2,4501.7,3665.8,2327,6544.6,10051,3175.3,3962.7,11435,2497,15508,10719,18517,6240.5,5097.3,15751,13420,11173,16508,2268.5,10672,0,6676.1,3991.2,903.7,6911.9,14458,12964,5046.7,6968.8,6443.6,16243,9540.4,4302.9,5880.6
1065.8,4378.5,5007.4,3923.1,1845.5,2529.1,5768.9,12073,10119,1348.9,7577.9,2286,4642.1,9213.7,4635.1,3871.2,7418.3,11108,5712.4,5919.9,1392.5,3194.6,7645.4,2930.3,178.92,11157,10573,7129.8,2537.8,3891.9,8919,6609.9,9175.7,1765.1,5802.1,4581.9,7302.8,3851.1,3812.7,10266,11329,11621,5179.4,11093,2431.3,4954.9,2347.4,1359.4,1912.6,4887.1,3706.5,4627.2,7372.2,6349,2217.3,3813.4,4974.5,6281.3,1484.5,3995.7,4850.7,1850.7,1913.5,4533.4,170.74,3275.1,1995.1,9768.1,4465.6,967.59,5126.2,2992.4,9593,5899,3461.5,9983,5824.9,11263,1117.1,314.34,9972.2,8376.9,4673.3,10469,3552,4604.1,6676.1,0,2268.3,4507.5,3525.9,10125,6471.6,766.62,1712.1,8969.9,14811,3507.8,2734.4,9333.1
1278.6,3429.5,6951,2483,1513.6,670.95,5105,10862,9303,1032,9391.6,2456.3,6216.7,8996.9,7620.1,6423,8663.6,10668,5680.4,8365.2,948,3839.6,8624.2,2337.5,2772.2,13079,11044,8458.5,1069.4,7162.3,10266,5160.5,7915.7,2976.4,10143,4383.6,9355.4,6294,7272.8,7984.7,13423,11296,5069.1,11289,4428.3,8897.4,3551.2,1708.5,2591,3956.4,1519.3,6872.6,7048.4,5532.6,2834.4,7413.5,4775.9,5372,3684.7,5035.6,3866.4,5313.5,1214.5,8092.8,2331,1958.1,2682.3,10903,2194.1,3559,6937.5,1127,7228.8,6846.1,3015.8,14889,8005.7,13315,4024,2426.2,12196,6812.6,8346.7,12460,3991.1,7756.9,3991.2,2268.3,0,3354.5,6595.1,11073,8369,2628.2,4272.2,10209,17039,7595.6,3076,9112.4
3536.7,210.06,10693,2047.8,2288.4,3156.7,1760.4,5340.4,5193,3740.3,10456,3081.1,8257.9,4699,8135.8,8524.6,11423,15280,7377.4,10558,3816.4,3463.9,9240.2,1490.4,4615.2,15494,13299,11241,2462.2,7896.5,15610,1993,4270.2,3273.5,13519,667.09,8465.4,6651.9,9287.8,4573.2,15904,17911,1476.3,7045.2,6526.9,10068,3155.8,3356,3539.9,824.57,2266.2,7903.1,2294.4,2085.7,3315.7,7724.7,481.99,1144.3,4763.4,8634.9,478.11,7358.9,3170.3,9096.6,4528.8,1670.2,3711.5,5135.8,1649.5,5894.5,7531,2562.9,4703.4,10325,1479.8,16167,9190.8,16273,6398.3,4695.7,15060,12432,9535.2,13604,1469.1,8661.7,903.7,4507.5,3354.5,0,8073.2,16023,10486,3839.5,5971.8,7325.7,19502,8240.5,4757.6,5614
5745.8,6561.1,2731.3,7211.4,4807.8,6059.8,6553.7,10608,10936,4370.6,4396.3,4781.4,2321.8,8773.2,1617.6,171.04,4228.4,10603,1790.7,3565.9,4687.4,3647.7,4129.1,6718.6,3572.9,10572,9468.4,6193.7,5500.8,1897.7,7641.5,8450.4,10623,2634.3,3403.9,8848.4,3478.9,1770.4,1005.9,9568.5,9975.5,10509,8136.4,10769,2201.4,2815.8,3389.7,4339,3617.2,5653.2,6771.5,1349.6,7012,7719.9,4306.1,1384.7,7672.9,6981.3,2338.5,1586.5,6194.9,2371.1,5916.5,2150.6,3448,7219.3,3285,10225,6970.7,3015.3,2006.8,6828.2,10847,3096.3,6370.3,10021,2997.3,9799.8,3166.4,3245.8,10357,10406,2592.1,10301,5246.5,3534.6,6911.9,3525.9,6595.1,8073.2,0,8985.4,4705.6,3448.1,2274.6,8221.3,15135,2343.1,3849.8,11304
11365,15199,7501.2,14042,11336,14405,13132,20998,21801,14000,7067.2,12727,9381.9,15553,9577.9,11670,8451.8,508.83,7821,6837,13107,15419,7283.3,16152,13287,585.52,126.23,3635.4,12283,7984.1,2427.8,19225,20326,10257,6979.3,15912,7692.5,8292.6,11182,18634,277.8,413.35,13789,21335,7781,8815.1,14144,10672,12541,16317,15467,8945.1,15654,18993,14063,7941.2,16665,18125,9439,8769.4,16009,7751.9,10921,9068.7,13296,15911,13029,22821,12480,9998.2,7963.3,15268,22059,7637.3,11993,142.27,7750.5,106.07,11232,11477,99.671,12373,6185.2,183.02,13789,8435.4,14458,10125,11073,16023,8985.4,0,5582.6,9885.8,9783.6,20952,3897,9210.9,12719,20012
7299.9,10209,1804.1,10340,6549,9784.7,9511.8,18082,14531,8321.9,618.2,8133.7,2153.3,15321,3050.9,4346.9,2972.7,5965.1,3332.8,1225.1,6082.1,6170.7,1349.8,10063,5751,5241.9,5974.7,1638.1,7460.6,2513.9,3785.2,13367,11655,7343.9,2012.5,9370.2,1939.9,3070.4,3780.1,17476,5089.4,4763.8,12481,18589,4330.5,2437.3,7576,7287,6531.9,9519.2,10779,3158.3,9631.8,14228,8646,3741.6,11756,9897.9,4008.8,3099.5,9884.6,3759.7,8740.4,3219.5,6467.6,10473,6773,12926,9356,5652.8,2274.5,7614.9,16696,1977.1,10002,5832.3,1519.2,6221.6,4891.7,5948,5220.1,12262,1540.4,6885,8764.1,2019.9,12964,6471.6,8369,10486,4705.6,5582.6,0,6041.4,4623.7,13715,8968.8,2928.6,6770.2,17239
1248.7,4112.5,5138,3266.6,1545.8,2803.2,6014.4,11157,9477,1042.4,6730.4,1523.1,4641.2,7319.1,3672.2,4208.3,8416.7,9775.9,4866,6025.9,1300.6,2284,6772.8,3078.9,536.91,13564,13990,7494.6,1975.3,4606.3,7867.6,4882.2,7606.7,1284.1,7390.5,4737.7,6116.7,3943.6,5183.7,9221.5,12025,13158,4466.5,9902.9,2655.4,5869.8,1601,931.56,1074.2,5115.4,3052.3,4263.3,5658.9,6657.5,1390.4,3531,4242,4733.1,2226.2,3870.7,4103.9,2790.7,1682.1,5856.2,640.63,3032.5,1195.1,9364.1,3726.2,1447,6043.9,2438.4,8474.9,7072.4,3225.1,13175,5498.3,9985,1551.1,455.03,10398,8608.6,5286.6,11931,2807.5,5373.6,5046.7,766.62,2628.2,3839.5,3448.1,9885.8,6041.4,0,1751.5,9622.8,15031,5101.1,1551.4,10085
3010.1,5299.6,3659.4,4691.3,3516.3,5345.9,5249.3,12511,9471.2,2826.2,5156.1,3065.4,2920.3,9118.1,2641.8,1957.4,5431.3,9763.9,2602.4,4046.5,3252.2,3372.5,4608,5144.4,1692,10405,10828,5232.5,3716.7,1815.8,8176.9,7904.2,10294,2351.1,4762.6,5300,4709.7,1840.4,2561,9328.3,9830.7,9127.7,5772,13040,341.42,4597,2108.3,2674.2,2291.6,6048.1,4452.7,2396.3,5967.7,7747.9,2962.8,2269.8,6101.6,7250,53.734,2477.2,6036.2,869.01,2710.2,2713.7,2019.6,4656.1,2585.2,9750.1,4882.4,821.6,3578.8,4261.6,11582,3876.6,4341.5,10584,3796,11388,769.33,2019.7,11420,10304,3411.3,10874,4327.2,4537.2,6968.8,1712.1,4272.2,5971.8,2274.6,9783.6,4623.7,1751.5,0,13041,16516,2150.7,2620,11363
11121,7965.7,16318,7453.6,10391,10225,5513.7,786.73,3519.7,8637.2,11528,8428.4,12242,2421,13874,12057,15830,22908,12197,13948,9347.5,7324.5,14944,10385,10980,17610,22544,16596,9710.3,13842,21464,6511.4,2348.8,11261,17399,6322.7,11912,12378,12993,1678.9,17489,18078,5702.8,2696.9,13221,13856,8592.9,10988,10434,6227.3,10677,11572,4130.2,4975.1,9387.2,10247,7777.3,6360.8,11287,13977,7772.2,12162,8900.8,11736,10759,9636.4,9671.6,1803.1,9476.7,11295,14370,9432.8,2970.7,12899,7678.2,22323,13108,24071,11337,9715.1,17245,20802,12649,23952,7979,12628,6443.6,8969.9,10209,7325.7,8221.3,20952,13715,9622.8,13041,0,22766,11674,8106.7,2633.9
14063,16556,13057,20110,17526,15451,22049,26717,25276,14156,9626.1,15276,14123,23947,10135,13400,10009,3761.5,12300,9865.3,13580,16521,10654,15963,16168,5042.2,3858.7,7309.2,16986,13936,6855.8,24028,25101,15272,9380.4,20062,12793,13381,14130,22715,3563.7,4558.1,19791,20725,14218,9144.6,17344,17204,15159,22101,20373,11336,18816,19527,17112,12768,21048,24893,13372,10758,20010,12533,14981,11147,13794,20090,15231,22339,16319,14665,10616,15817,19908,8607.6,17472,3815.5,11731,3617.8,14960,17564,3352.8,21132,9574.3,4037.8,18050,8434.4,16243,14811,17039,19502,15135,3897,8968.8,15031,16516,22766,0,10333,16432,23075
5385.7,8201.2,1459.6,7735.5,5453.3,6013.9,7608.6,11463,15085,5316.8,2794.2,5157.8,411.33,10355,364.91,2043.8,3176,8596.7,753.33,1943.6,6990.8,4330.3,1886.7,6311.5,4726.5,8571.8,7389.7,4045.5,7012.5,414.63,5967,10923,11988,4307.5,2840.2,9313.6,1715.3,982.53,1138.8,12730,6991,8152.3,8277.6,13668,2443.9,1380.5,4493.4,5624,4731.4,8673.6,8119.6,790.63,10374,10295,4524.4,709.02,8693.2,8465.4,2386.8,486.17,9170.5,2358.6,6417.4,729.22,3865.9,6226.1,5061.6,12565,8126.9,2926,975.88,7242.1,12659,1428.3,7803.3,9456.3,1275.3,8736.2,3025.2,4511.7,7439.8,10521,891.25,8943.4,8042.3,1408.4,9540.4,3507.8,7595.6,8240.5,2343.1,9210.9,2928.6,5101.1,2150.7,11674,10333,0,4411.1,14646
2196.4,3956.6,6455.7,3318.5,1526.4,3478.1,3768.9,7694.7,9286.6,2354.8,6172,754.79,5172.8,8367.5,4744.9,3466.5,7081.6,14672,4832.4,7268.2,1836.3,757.93,7059.7,3216,1789.8,10589,13152,9108.3,2740.5,4454.5,9490.7,4822.5,7444.1,536.14,7152.6,4622.7,6775.7,3681.1,4569.8,6817.5,12435,12140,4345.2,8772.9,3013.9,6093.4,276.99,1286.7,648.75,4335.6,3427.6,3974.7,5250.5,5839.2,744.45,4515.3,5099.3,4921,2995.4,4227.5,3740.4,2904.3,2104.2,4099.6,2480.4,2567.1,306.41,6658,3213.3,2738,5868.7,3173.7,7446.5,5356.3,2549.3,12315,4833.9,12967,2700.5,1927.8,13153,10188,4975.9,12951,2405.5,6906.6,4302.9,2734.4,3076,4757.6,3849.8,12719,6770.2,1551.4,2620,8106.7,16432,4411.1,0,8646
9784,7080,14107,7853.6,7690.7,9228.4,5020.1,1702.3,945.33,9920.2,15415,7034.1,13740,2379.2,12779,11651,15412,20205,13230,14780,8862.9,9541.7,14186,7677.9,9919.6,20405,23437,18676,9147.2,14887,18901,4488.8,2023.9,9552.9,15764,6155.6,13750,11837,11292,1452.6,21713,19539,4876.6,607.72,12997,13148,7397.7,8272.3,10311,5656.7,9588.7,12103,4178.1,3761.9,8876.3,13445,4476.2,5713,11217,14648,6472.4,13881,9330.3,13215,9646.6,7158.6,8068.4,2007,7631.7,12914,14042,7793.9,1228.3,15536,7348,22337,15792,21853,13254,10349,18497,16959,17194,24332,6679.8,14247,5880.6,9333.1,9112.4,5614,11304,20012,17239,10085,11363,2633.9,23075,14646,8646,0
